model_Ba_molL_frac,model_Ca_molL_frac,model_Fe_molL_frac,model_K_molL_frac,model_Li_molL_frac,model_Mg_molL_frac,model_Mn_molL_frac,model_Na_molL_frac,model_Sr_molL_frac,model_Br_molL_frac,model_Cl_molL_frac,model_C_molL_frac,model_SO4_molL_frac,model_B_molL_frac,model_Si_molL_frac,TDS_log10,well_depth_ft,total_ion_molL,total_cations_eq,total_anions_eq,Cluster,ph,Ca_mgL,Mg_mgL,SO4_mgL,Na_mgL,Cl_mgL,K_mgL,Si_mgL
0.0,0.19455252918287938,0.0,0.01556420233463035,0.0,0.14785992217898833,0.0,0.642023346303502,0.0,0.0,0.7732342007434945,0.15985130111524165,0.06691449814126395,0.0,0.0,3.2110008133250534,25.0,0.047299999999999995,0.0257,0.026899999999999997,2,7.4,100.0,47.0,86.0,380.0,740.0,15.0,1.4
0.0,0.04087346024636058,0.0,0.013717805151175811,0.0,0.1864501679731243,0.0,0.7578387458006719,0.0011198208286674132,0.0,0.9143085958355579,0.018419647624132406,0.06727175654030966,0.0,0.0002947244326554671,4.3284721574297285,10.0,0.6786000000000001,0.3572,0.37460000000000004,0,6.7,290.0,800.0,1200.0,6150.0,12000.0,190.0,11.0
0.0,0.04959239130434782,0.0,0.012228260869565214,0.0,0.1915760869565217,0.0,0.7452445652173912,0.0013586956521739128,0.0,0.8887043189368772,0.027574750830564786,0.08372093023255814,0.0,0.00018274853801169595,4.239945326474455,18.0,0.5471999999999999,0.29440000000000005,0.301,0,6.9,290.0,680.0,1200.0,5000.0,9400.0,140.0,6.8
0.0,0.05544832426741533,0.0,0.01702052991752939,0.0,0.14739427969819266,0.0,0.7797859273556763,0.000350938761186173,0.0,0.9184837302918484,0.0030191211003019122,0.07849714860784972,0.0,9.217439395335975e-05,4.531918602771923,1727.0,1.0849000000000002,0.5699000000000001,0.5962,0,8.4,620.0,1000.0,2200.0,10000.0,19000.0,370.0,3.9
0.0,0.07126377851832863,0.0005126890540886952,0.011279159189951295,0.0,0.17072545501153552,0.0,0.7457062291720071,0.0005126890540886952,0.0,0.900709219858156,0.016285789335434727,0.08300499080640926,0.0,0.00014130281192595734,4.348159324695829,60.0,0.7077,0.3901,0.3807,0,6.9,550.0,800.0,1500.0,6600.0,12000.0,170.0,4.9
0.0,0.07007508044333215,0.0,0.018591347872720775,0.0,0.15731140507686808,0.0,0.7533071147658207,0.0007150518412584914,0.0,0.8868120456905504,0.01142263759086189,0.10176531671858775,0.0,0.0003829950210647262,4.22284215910603,2304.0,0.5222,0.27969999999999995,0.2889,0,7.8,390.0,530.0,1400.0,4800.0,9000.0,200.0,13.0
0.0,0.039308408452785576,0.0,0.020097532141273827,0.0,0.1495492832865376,0.0,0.791044776119403,0.0,0.0,0.9070695553021664,0.004561003420752566,0.08836944127708096,0.0,0.0001558117793705204,4.605811297819443,2304.0,1.2836,0.6767,0.7016,0,7.1,520.0,1200.0,2900.0,12000.0,22000.0,520.0,9.2
0.0,0.04946996466431095,0.0,0.016489988221436984,0.0,0.16489988221436985,0.0,0.7691401648998821,0.0,0.0,0.8959390862944162,0.010152284263959392,0.09390862944162437,0.0,0.0013236267372600929,3.675980177563547,1333.0,0.15109999999999998,0.0849,0.0788,2,8.2,86.0,170.0,360.0,1500.0,2500.0,55.0,12.0
0.0,0.03973214285714286,0.0,0.016294642857142858,0.0,0.15491071428571432,0.0,0.7886160714285715,0.0004464285714285715,0.0012036591237361582,0.896003851709196,0.011314395763119886,0.09147809340394801,0.0,0.00012487512487512488,4.397337733797621,20.0,0.8008,0.44799999999999995,0.41539999999999994,0,7.3,350.0,830.0,1800.0,8000.0,13000.0,280.0,5.8
0.0,0.16267942583732056,0.0,0.006698564593301435,0.0,0.13014354066985645,0.0,0.7004784688995215,0.0,0.0,0.8837209302325582,0.03703703703703704,0.07924203273040482,0.0,0.0004980079681274901,3.816749829520202,87.0,0.20079999999999998,0.10450000000000001,0.1161,2,6.9,340.0,165.0,442.0,1680.0,3630.0,27.2,4.31
0.0,0.21788617886178863,0.0,0.004878048780487805,0.0,0.09268292682926829,0.0,0.6845528455284553,0.0,0.0,0.9491778774289985,0.03139013452914798,0.01943198804185351,0.0,0.0004228329809725159,3.8760778389104735,59.4,0.2365,0.123,0.1338,2,7.1,534.0,139.0,126.0,1930.0,4490.0,22.8,4.7
0.0,0.09032258064516129,0.0,0.01935483870967742,0.0,0.1763440860215054,0.0,0.7096774193548387,0.004301075268817204,0.0,0.7477876106194689,0.08849557522123894,0.16371681415929204,0.0,0.0024420024420024416,3.4478410889296502,1225.0,0.08190000000000001,0.0465,0.045200000000000004,2,7.9,85.0,100.0,360.0,760.0,1200.0,34.0,13.0
0.0,0.3125,0.0,0.010416666666666666,0.0,0.09374999999999999,0.0,0.5833333333333333,0.0,0.0,0.7537688442211055,0.19597989949748743,0.05025125628140703,0.0,0.0028735632183908046,3.08867413861343,85.0,0.034800000000000005,0.019200000000000002,0.0199,2,7.1,120.0,21.1,47.9,258.0,533.0,8.66,3.4
0.0,0.1170360110803324,0.0,0.009695290858725761,0.0,0.17520775623268697,0.0,0.6980609418282548,0.0,0.0,0.9197632357777046,0.019730351857941465,0.06050641236435382,0.0,0.00018463810930576072,4.235250308394244,88.0,0.5416,0.2888,0.30410000000000004,0,6.7,672.0,609.0,876.0,4590.0,9820.0,109.0,4.0
0.0,0.34615384615384615,0.0,0.005494505494505494,0.0,0.06043956043956044,0.0,0.5879120879120878,0.0,0.0012804097311139564,0.8655569782330345,0.10755441741357233,0.02560819462227913,0.0,0.00147819660014782,3.358526322661001,85.0,0.06764999999999999,0.0364,0.03905,0,6.9,252.0,26.5,44.1,493.0,1200.0,9.09,7.47
0.0,0.04930006086427267,0.0,0.01734631771150335,0.0,0.15702982349360925,0.0,0.7757151552038953,0.0006086427267194157,0.0012775471095496647,0.8920472692430533,0.026189715745768127,0.08048546790162887,0.0,0.00033596505963379814,4.271435625545132,9.0,0.5952999999999999,0.3286,0.3131,0,7.0,320.0,620.0,1200.0,5800.0,9800.0,220.0,11.0
0.0,0.33333333333333337,0.011111111111111113,0.17222222222222222,0.0,0.12222222222222223,0.0,0.3611111111111111,0.0,0.0,0.32057416267942584,0.6411483253588517,0.038277511961722493,0.0,0.005797101449275363,3.1766158593498566,28.5,0.034499999999999996,0.018,0.0209,3,7.1,120.0,26.0,41.0,150.0,240.0,120.0,10.0
0.0,0.32258064516129037,0.010752688172043012,0.08064516129032259,0.0,0.11827956989247314,0.0,0.467741935483871,0.0,0.0,0.4182692307692308,0.5336538461538463,0.04807692307692308,0.0,0.0028735632183908046,3.1547143694053212,25.0,0.034800000000000005,0.0186,0.0208,3,7.0,120.0,27.0,47.0,200.0,310.0,60.0,7.3
0.0,0.3108808290155441,0.010362694300518137,0.0829015544041451,0.0,0.12435233160621761,0.0,0.4715025906735752,0.0,0.0,0.40909090909090906,0.5454545454545455,0.045454545454545456,0.0,0.0027322404371584695,3.176988048160293,31.0,0.03660000000000001,0.019299999999999998,0.022,3,7.0,120.0,29.0,44.0,210.0,320.0,62.0,7.5
0.0,0.3459459459459459,0.0,0.02162162162162162,0.0,0.11891891891891891,0.0,0.5135135135135134,0.0,0.0,0.6225490196078431,0.25980392156862747,0.11764705882352941,0.0,0.0029850746268656717,3.1077839107583762,19.7,0.0335,0.018500000000000003,0.020399999999999998,2,7.1,130.0,26.0,120.0,220.0,450.0,16.0,4.5
0.0,0.3478260869565218,0.0,0.005434782608695653,0.0,0.06521739130434782,0.0,0.5815217391304348,0.0,0.0,0.7815533980582525,0.17961165048543692,0.03883495145631069,0.0,0.008547008547008546,3.0958195736129968,83.0,0.0351,0.0184,0.020599999999999997,2,7.1,130.0,14.2,36.2,247.0,572.0,1.98,17.7
0.0,0.2688172043010753,0.010752688172043012,0.016129032258064516,0.0,0.11827956989247314,0.0,0.5860215053763441,0.0,0.0,0.6935483870967742,0.24193548387096775,0.06451612903225806,0.0,0.0030303030303030303,3.073447060637894,45.0,0.033,0.0186,0.0186,2,7.4,99.0,26.0,58.0,250.0,460.0,10.0,4.1
0.0,0.2484472049689441,0.0,0.009316770186335402,0.0,0.08695652173913043,0.0,0.6552795031055901,0.0,0.0,0.8130311614730878,0.13031161473087818,0.056657223796033995,0.0,0.0016339869281045752,3.319566250875889,83.0,0.061200000000000004,0.0322,0.0353,2,7.0,160.0,34.8,99.0,485.0,1020.0,10.3,6.85
0.0,0.061307113938692884,0.0,0.019086176980913822,0.0,0.16194331983805668,0.0,0.7576633892423367,0.0,0.0011890606420927468,0.8757431629013079,0.03151010701545779,0.0915576694411415,0.0,0.00031826861871419476,4.000232189923301,8.0,0.31420000000000003,0.1729,0.1682,0,7.4,210.0,340.0,740.0,3000.0,5200.0,130.0,6.4
0.0,0.09013605442176871,0.0,0.012755102040816327,0.0,0.1598639455782313,0.0,0.7372448979591837,0.0,0.0,0.8924050632911391,0.03955696202531645,0.06803797468354429,0.0,0.00044424700133274104,3.8576643153862737,60.6,0.2251,0.1176,0.1264,2,7.0,214.0,228.0,411.0,1990.0,3990.0,57.4,5.08
0.0,0.22357723577235775,0.0,0.006097560975609756,0.0,0.12601626016260165,0.0,0.644308943089431,0.0,0.0,0.8426294820717132,0.10956175298804781,0.04780876494023904,0.0,0.0011148272017837233,3.4753281490636514,110.0,0.08970000000000002,0.049199999999999994,0.050199999999999995,2,6.9,220.0,75.0,120.0,730.0,1500.0,13.0,6.9
0.0,0.22535211267605632,0.0,0.004694835680751174,0.0,0.12206572769953052,0.0,0.647887323943662,0.0,0.0,0.8474945533769062,0.11328976034858386,0.0392156862745098,0.0,0.0012453300124533003,3.426412842662578,85.0,0.0803,0.0426,0.0459,2,6.9,192.0,62.6,83.1,636.0,1380.0,8.32,6.76
0.0,0.08273009307135472,0.0,0.014477766287487074,0.0,0.17786970010341263,0.0,0.7207859358841779,0.004136504653567736,0.0,0.8443298969072165,0.029896907216494843,0.12577319587628866,0.0,0.0005717552887364208,3.7577593402670426,2950.0,0.1749,0.0967,0.097,2,7.8,160.0,210.0,590.0,1600.0,2900.0,56.0,8.7
0.0,0.17777777777777773,0.00261437908496732,0.0065359477124183,0.0,0.130718954248366,0.0,0.6823529411764705,0.0,0.0,0.9002463054187193,0.04802955665024631,0.05172413793103448,0.0,0.000695410292072323,3.6678950637142194,96.0,0.14379999999999996,0.07650000000000001,0.0812,2,7.0,273.0,121.0,206.0,1200.0,2590.0,19.2,6.87
0.0,0.07320261437908497,0.0013071895424836603,0.015032679738562092,0.0,0.16862745098039217,0.0,0.7418300653594772,0.0,0.001180637544273908,0.8907910271546636,0.028925619834710745,0.07910271546635184,0.0003363605785401951,0.0003363605785401951,3.98077050810443,120.0,0.2973,0.153,0.1694,0,7.1,224.0,312.0,643.0,2600.0,5330.0,87.9,8.16
0.0,0.12873025160912813,0.0011702750146284377,0.008191925102399064,0.0,0.13224107665301346,0.0,0.7284961966062025,0.0011702750146284377,0.0015641293013555786,0.9139728884254432,0.029197080291970802,0.05526590198123045,0.0,0.0002985074626865672,4.030242376886843,112.0,0.33499999999999996,0.1709,0.1918,0,6.7,441.0,273.0,510.0,2850.0,6190.0,52.9,5.57
0.0,0.10319410319410319,0.0,0.0171990171990172,0.0,0.2014742014742015,0.0,0.6732186732186732,0.004914004914004914,0.0,0.7010050251256281,0.0728643216080402,0.22613065326633164,0.0,0.0028612303290414874,3.3909939976791663,1105.0,0.06990000000000002,0.0407,0.0398,2,7.7,83.0,100.0,430.0,630.0,990.0,26.0,12.0
0.0,0.15993665874901028,0.0031670625494853526,0.0055423594615993665,0.0,0.10292953285827396,0.0,0.7284243863816311,0.0,0.0,0.8843930635838151,0.05119735755573906,0.0644095788604459,0.0,0.0004409171075837743,3.8604044096132517,117.0,0.2268,0.1263,0.1211,2,6.7,404.0,158.0,376.0,2110.0,3790.0,29.2,7.21
0.0,0.046964106004696415,0.0013418316001341834,0.01677289500167729,0.0,0.16974169741697417,0.0,0.7645085541764509,0.0006709158000670917,0.0012172854534388314,0.8944004869141814,0.014303104077906269,0.09007912355447353,0.0003450655624568668,0.0001725327812284334,4.268249215724201,1410.0,0.5796,0.2981,0.3286,0,8.0,276.0,609.0,1410.0,5180.0,10300.0,194.0,8.41
0.0,0.36,0.005,0.0,0.0,0.05999999999999999,0.0,0.575,0.0,0.0022371364653243847,0.8120805369127516,0.1319910514541387,0.05369127516778523,0.0,0.0013315579227696404,3.416523631454201,135.0,0.07510000000000001,0.04,0.044700000000000004,0,6.8,288.0,28.7,114.0,530.0,1290.0,1.09,8.05
0.0,0.052420207144366945,0.00042274360600295924,0.017121116043119847,0.0,0.19826675121538787,0.0,0.7313464383851195,0.00042274360600295924,0.001227495908346972,0.904050736497545,0.01207037643207856,0.08265139116202945,0.000226628895184136,0.000113314447592068,4.446504561144855,200.0,0.8825,0.47309999999999997,0.4888,0,7.0,487.0,1120.0,1910.0,7820.0,15400.0,312.0,7.96
0.0,0.10218978102189781,0.0,0.0364963503649635,0.0,0.11678832116788321,0.0,0.7445255474452555,0.0,0.0,0.6563573883161512,0.29553264604810997,0.048109965635738834,0.0,0.01492537313432836,3.2872464407595974,191.0,0.053599999999999995,0.0274,0.029099999999999997,2,7.4,56.0,39.0,68.0,470.0,680.0,40.0,46.0
0.0,0.574712643678161,0.01149425287356322,0.034482758620689655,0.0,0.08045977011494253,0.0,0.2988505747126437,0.0,0.0,0.20384615384615384,0.7884615384615385,0.007692307692307693,0.0,0.005305039787798408,3.2356676260849806,54.9,0.037700000000000004,0.0174,0.026,3,6.6,200.0,18.0,8.9,120.0,190.0,23.0,9.6
0.0,0.4444444444444444,0.010582010582010583,0.11640211640211641,0.0,0.08465608465608467,0.0,0.3439153439153439,0.0,0.0,0.2324561403508772,0.5394736842105263,0.22807017543859648,0.0,0.0029325513196480943,3.2045831278240855,23.0,0.0341,0.0189,0.0228,3,6.9,170.0,20.0,250.0,150.0,190.0,88.0,8.9
0.0,0.5392156862745098,0.009803921568627453,0.08823529411764706,0.0,0.08823529411764706,0.0,0.27450980392156865,0.0,0.0,0.22348484848484848,0.7007575757575757,0.07575757575757576,0.0,0.005063291139240506,3.261038476910679,60.3,0.0395,0.020399999999999998,0.0264,3,6.8,220.0,21.0,93.0,130.0,210.0,70.0,9.9
0.0,0.14790996784565918,0.0,0.0009186954524575104,0.0,0.10656867248507121,0.0,0.7436839687643546,0.0009186954524575104,0.0,0.9261106074342702,0.03127833182230281,0.04261106074342702,0.0,0.0004926108374384237,4.106312146102545,204.0,0.40599999999999997,0.21769999999999998,0.2206,0,6.8,640.0,280.0,450.0,3700.0,7200.0,6.6,11.0
0.0,0.30418250950570347,0.0,0.14448669201520914,0.0,0.19011406844106465,0.0,0.36121673003802285,0.0,0.0,0.07541899441340782,0.9245810055865922,0.0,0.0,0.02112676056338028,3.4363875151767096,25.2,0.056799999999999996,0.026299999999999997,0.0358,3,7.0,160.0,60.0,0.5,220.0,96.0,150.0,70.0
0.0,0.09315068493150686,0.0,0.019178082191780823,0.0,0.12602739726027398,0.0,0.7616438356164383,0.0,0.0,0.6870026525198939,0.21750663129973477,0.09549071618037136,0.0,0.01013024602026049,3.3874351401119873,195.0,0.06910000000000001,0.0365,0.0377,2,7.3,70.0,55.0,170.0,640.0,920.0,28.0,42.0
0.0,0.10650887573964497,0.0,0.07100591715976332,0.0,0.05325443786982249,0.0,0.7692307692307693,0.0,0.0,0.2443820224719101,0.5646067415730337,0.19101123595505617,0.0,0.0062794348508634235,3.425120514522568,22.0,0.06369999999999999,0.0338,0.0356,3,7.3,73.0,21.0,330.0,600.0,310.0,96.0,22.0
0.0,0.1744186046511628,0.005813953488372093,0.061046511627906974,0.0,0.040697674418604654,0.0,0.7180232558139534,0.0,0.0,0.3074866310160428,0.5320855614973263,0.16042780748663105,0.0030581039755351682,0.0030581039755351682,3.4287451806313984,45.0,0.0654,0.0344,0.037399999999999996,3,7.0,120.0,17.0,290.0,570.0,410.0,83.0,13.0
0.0,0.10563380281690142,0.007042253521126762,0.08098591549295775,0.0,0.05633802816901409,0.0,0.75,0.0,0.0,0.13821138211382114,0.7208672086720866,0.14092140921409213,0.0032894736842105266,0.004934210526315789,3.4177315444336274,12.0,0.0608,0.028399999999999998,0.0369,3,6.6,61.0,19.0,250.0,490.0,180.0,90.0,19.0
0.0,0.08465608465608465,0.0,0.13051146384479717,0.0,0.14109347442680775,0.0,0.6437389770723103,0.0,0.0,0.8365180467091295,0.05732484076433122,0.1061571125265393,0.0,0.0010526315789473684,3.4963099908031077,148.0,0.095,0.0567,0.047099999999999996,3,7.5,97.0,98.0,240.0,840.0,1400.0,290.0,5.2
0.0,0.09174311926605505,0.0,0.021406727828746176,0.0,0.1162079510703364,0.0,0.7706422018348624,0.0,0.0,0.5884057971014494,0.31884057971014496,0.09275362318840581,0.0,0.009554140127388535,3.3613757826562143,206.0,0.0628,0.0327,0.034499999999999996,2,7.3,60.0,46.0,150.0,580.0,720.0,27.0,38.0
0.0,0.19895287958115185,0.0,0.015706806282722512,0.0,0.10471204188481677,0.0,0.680628272251309,0.0,0.0,0.40796019900497515,0.49253731343283585,0.09950248756218906,0.0,0.013966480446927375,3.155607948226642,206.0,0.0358,0.0191,0.0201,2,7.2,76.0,24.0,100.0,300.0,290.0,12.0,28.0
0.0,0.07834101382488479,0.0,0.020737327188940093,0.0,0.17511520737327188,0.0,0.7258064516129032,0.0,0.0,0.648018648018648,0.17016317016317017,0.1818181818181818,0.0,0.006459948320413436,3.4417371180292005,700.0,0.07740000000000001,0.0434,0.0429,2,7.4,68.0,93.0,372.0,725.0,985.0,37.0,33.0
0.0,0.1044776119402985,0.0,0.017412935323383085,0.0,0.20398009950248758,0.0,0.6592039800995024,0.014925373134328356,0.0,0.7226107226107226,0.05827505827505827,0.21911421911421913,0.0,0.002773925104022191,3.408754130144474,1730.0,0.07210000000000001,0.0402,0.0429,2,7.7,84.0,100.0,450.0,610.0,1100.0,28.0,9.3
0.0,0.06382189239332098,0.0,0.014471243042671616,0.0,0.12319109461966607,0.0,0.7977736549165122,0.0007421150278293137,0.0,0.8944610778443114,0.02694610778443114,0.0785928143712575,0.0,0.0003991219317501498,4.197740148614733,206.0,0.5010999999999999,0.26949999999999996,0.2672,0,7.1,340.0,400.0,1000.0,4900.0,8400.0,150.0,9.0
0.0,0.07475317348377997,0.0,0.011988716502115655,0.0,0.17489421720733425,0.0,0.7383638928067701,0.0,0.0,0.8838053740014525,0.03485838779956427,0.08133623819898331,0.0,0.000390167772142021,3.910630913922339,240.0,0.25630000000000003,0.1418,0.1377,2,7.3,210.0,300.0,540.0,2400.0,4300.0,66.0,5.6
0.0,0.22535211267605632,0.0,0.01408450704225352,0.0,0.15023474178403756,0.0,0.6103286384976526,0.0,0.0,0.3930131004366812,0.5807860262008733,0.026200873362445413,0.0,0.012376237623762377,3.2102036560908793,217.0,0.0404,0.0213,0.0229,2,7.0,96.0,39.0,30.0,300.0,320.0,12.0,29.0
0.0,0.08585164835164835,0.0,0.001717032967032967,0.0,0.16311813186813187,0.0,0.7486263736263736,0.0006868131868131869,0.0,0.8753138075313808,0.04267782426778243,0.08200836820083682,0.0,0.0013835085777531822,3.84296938618391,188.0,0.21683999999999998,0.11648,0.1195,2,7.8,200.0,230.0,470.0,2000.0,3700.0,6.2,20.0
0.0,0.11673151750972764,0.0,0.01945525291828794,0.0,0.17898832684824906,0.0,0.6770428015564203,0.007782101167315176,0.0,0.7296296296296296,0.12962962962962962,0.14074074074074075,0.0,0.004246284501061572,3.216349692721022,955.0,0.047099999999999996,0.025699999999999997,0.027,2,7.7,60.0,56.0,180.0,400.0,700.0,18.0,11.0
0.0,0.06376195536663125,0.0,0.01912858660998937,0.0,0.14771519659936236,0.0,0.767268862911796,0.0021253985122210413,0.0010758472296933835,0.8698224852071006,0.01613770844540075,0.11296395911780527,0.0,0.0005819028222286878,4.04195502444881,1650.0,0.3437,0.1882,0.1859,0,7.9,240.0,335.0,1000.0,3300.0,5700.0,140.0,14.0
0.0,0.3591836734693878,0.0,0.00816326530612245,0.0,0.16326530612244897,0.0,0.4693877551020408,0.0,0.0,0.7601626016260163,0.12601626016260162,0.11382113821138211,0.0,0.007211538461538461,3.1802888341012263,101.0,0.0416,0.0245,0.0246,2,7.7,180.0,51.0,135.0,270.0,680.0,9.7,21.0
0.0,0.17094017094017097,0.0,0.02991452991452992,0.0,0.22222222222222224,0.0,0.576923076923077,0.0,0.0,0.7574626865671642,0.16044776119402987,0.08208955223880599,0.0,0.006696428571428572,3.2035058362310793,300.0,0.04479999999999999,0.023399999999999997,0.026799999999999997,2,7.8,81.0,63.0,110.0,310.0,720.0,28.0,18.0
0.0,0.275092936802974,0.0,0.007434944237918216,0.0,0.10408921933085502,0.0,0.6133828996282528,0.0,0.0,0.5909090909090908,0.3741258741258741,0.03496503496503497,0.0,0.007952286282306164,3.276259155078273,85.0,0.0503,0.0269,0.0286,2,7.3,150.0,34.0,44.0,380.0,600.0,6.5,23.0
0.0,0.11374407582938387,0.0,0.011848341232227487,0.0,0.13270142180094785,0.0,0.7417061611374408,0.0,0.0,0.6739130434782609,0.2608695652173913,0.06521739130434782,0.0,0.006097560975609756,3.4602281675731703,235.0,0.082,0.0422,0.046,2,7.0,95.0,68.0,140.0,720.0,1100.0,18.0,28.0
0.0,0.2415458937198068,0.0,0.009661835748792274,0.0,0.2028985507246377,0.0,0.5458937198067634,0.0,0.0,0.43347639484978534,0.5236051502145923,0.04291845493562232,0.0,0.010178117048346057,3.1971786041466417,188.0,0.0393,0.020699999999999996,0.0233,2,7.0,100.0,50.0,46.0,260.0,360.0,9.0,26.0
0.0,0.08806262230919765,0.0,0.01565557729941292,0.0,0.16829745596868884,0.0,0.7240704500978473,0.00391389432485323,0.0,0.7777777777777778,0.05128205128205128,0.17094017094017092,0.0,0.0016172506738544473,3.7984220524963437,550.0,0.1855,0.1022,0.1053,2,7.3,180.0,210.0,860.0,1700.0,2900.0,62.0,20.0
0.0,0.25806451612903225,0.0,0.012903225806451613,0.0,0.08387096774193548,0.0,0.6451612903225806,0.0,0.0,0.5528700906344411,0.3806646525679759,0.0664652567975831,0.0,0.005172413793103448,3.337688368562027,118.0,0.057999999999999996,0.031,0.0331,2,6.8,160.0,31.0,110.0,460.0,650.0,15.0,19.0
0.0,0.3535911602209945,0.0,0.016574585635359115,0.0,0.0994475138121547,0.0,0.5303867403314917,0.0,0.0,0.37440758293838866,0.5592417061611374,0.06635071090047392,0.0,0.008645533141210374,3.1566622833305953,26.0,0.0347,0.018099999999999998,0.0211,2,6.8,130.0,23.0,67.0,220.0,280.0,9.8,18.0
0.0,0.12320328542094458,0.0,0.014373716632443533,0.0,0.23819301848049282,0.0,0.6160164271047228,0.008213552361396306,0.0,0.7672955974842768,0.0649895178197065,0.16771488469601678,0.0,0.0035842293906810027,3.4607414084624097,620.0,0.08370000000000001,0.04869999999999999,0.0477,2,7.6,120.0,140.0,380.0,690.0,1300.0,28.0,20.0
0.0,0.17870722433460076,0.0,0.013307984790874524,0.0,0.23574144486692014,0.0,0.5608365019011406,0.011406844106463877,0.0019157088122605365,0.7547892720306514,0.05555555555555555,0.18773946360153257,0.0,0.0033707865168539327,3.4976831726387028,950.0,0.089,0.0526,0.052199999999999996,0,7.3,190.0,150.0,470.0,680.0,1400.0,28.0,16.0
0.0,0.1266490765171504,0.0,0.02110817941952507,0.0,0.21635883905013198,0.0,0.6306068601583115,0.005277044854881267,0.0,0.6714285714285715,0.06666666666666668,0.2619047619047619,0.0,0.0029411764705882353,3.399148565269626,783.0,0.068,0.037899999999999996,0.041999999999999996,2,7.9,98.0,100.0,530.0,550.0,1000.0,30.0,13.0
0.0,0.13274336283185842,0.0,0.022123893805309738,0.0,0.2168141592920354,0.0,0.6238938053097345,0.004424778761061948,0.0,0.7716894977168949,0.07305936073059362,0.1552511415525114,0.0,0.005128205128205128,3.432190035188783,700.0,0.078,0.0452,0.0438,2,7.8,120.0,120.0,330.0,650.0,1200.0,41.0,24.0
0.0,0.09803921568627452,0.0,0.032679738562091505,0.0,0.13071895424836602,0.0,0.7385620915032679,0.0,0.0,0.528428093645485,0.14381270903010035,0.3277591973244147,0.0,0.015122873345935728,3.307766927496582,600.0,0.0529,0.0306,0.0299,2,7.7,60.0,49.0,470.0,520.0,560.0,40.0,46.0
0.0,0.12244897959183673,0.0,0.025510204081632654,0.0,0.1836734693877551,0.0,0.6632653061224489,0.005102040816326531,0.0,0.7170868347338936,0.09803921568627451,0.18487394957983191,0.0,0.007575757575757576,3.3646912976443533,557.0,0.066,0.0392,0.0357,2,7.6,95.0,88.0,320.0,600.0,910.0,40.0,32.0
0.0,0.04022845790911348,0.0,0.014154457412465855,0.0,0.17829649863421904,0.0,0.7668239384156941,0.0004966476285075739,0.0,0.9101811062163486,0.02276064610866373,0.06705824767498778,0.0,0.0007956504442381646,4.3737613677187746,31.0,0.7541000000000001,0.4027,0.40859999999999996,0,7.4,320.0,860.0,1300.0,7000.0,13000.0,220.0,38.0
0.0,0.08547008547008549,0.0,0.02564102564102564,0.0,0.22222222222222224,0.0,0.6666666666666667,0.0,0.0,0.5315315315315315,0.18918918918918917,0.27927927927927926,0.0,0.010178117048346058,3.1759767349785317,610.0,0.039299999999999995,0.023399999999999997,0.0222,2,7.5,42.0,64.0,300.0,360.0,420.0,22.0,24.0
0.0,0.11782032400589101,0.0,0.014727540500736377,0.0,0.21796759941089838,0.0,0.6406480117820323,0.008836524300441824,0.0,0.8683473389355744,0.044817927170868355,0.08683473389355743,0.0,0.0024038461538461535,3.6149675512858166,565.0,0.1248,0.0679,0.07139999999999999,2,7.7,160.0,180.0,300.0,1000.0,2200.0,40.0,16.0
0.0,0.041916167664670656,0.0,0.02694610778443114,0.0,0.20359281437125748,0.0,0.7275449101796407,0.0,0.0,0.7515151515151516,0.060606060606060615,0.1878787878787879,0.0,0.0016863406408094436,3.305335351854762,600.0,0.0593,0.0334,0.032999999999999995,2,8.5,28.0,83.0,300.0,560.0,880.0,35.0,9.0
0.0,0.043415340086830685,0.0,0.02604920405209841,0.0,0.2373371924746744,0.0,0.6931982633863966,0.0,0.0,0.8257978723404256,0.13696808510638298,0.03723404255319149,0.0,0.002247191011235955,3.6446588223539873,31.0,0.1335,0.0691,0.0752,2,7.8,59.0,200.0,130.0,1100.0,2200.0,72.0,18.0
0.0,0.21551724137931036,0.0,0.02586206896551724,0.0,0.1206896551724138,0.0,0.6379310344827587,0.0,0.0,0.5579399141630902,0.26180257510729615,0.18025751072961374,0.0,0.009779951100244499,3.194237193014632,8.0,0.0409,0.0232,0.023299999999999998,2,7.5,100.0,35.0,200.0,340.0,460.0,22.0,27.0
0.0,0.1444043321299639,0.0,0.01263537906137184,0.0,0.20577617328519854,0.0,0.6263537906137184,0.01083032490974729,0.0,0.793233082706767,0.0,0.20676691729323307,0.0,0.002143622722400857,3.5050586854538452,842.0,0.09330000000000002,0.055400000000000005,0.0532,2,7.6,160.0,140.0,530.0,800.0,1500.0,27.0,13.0
0.0,0.03996438816895836,0.0,0.014145810663764963,0.0,0.18597289543970721,0.0,0.7597190622217826,0.00019784350578692258,0.0,0.9026294165981923,0.008627773212818405,0.08874281018898932,0.0,0.0003829950210647262,4.757413277989516,32.0,1.8276999999999999,1.0109,0.9736,0,7.1,780.0,2200.0,4000.0,17000.0,30000.0,540.0,41.0
0.0,0.06423553027768483,0.0,0.013716962194713953,0.0,0.17263298762127802,0.0,0.7494145199063232,0.0,0.0,0.8697986577181208,0.04563758389261745,0.08456375838926175,0.0,0.0005462490895848508,4.244470609707909,9.0,0.5491999999999999,0.2989,0.298,0,7.0,380.0,620.0,1200.0,5100.0,9100.0,160.0,18.0
0.0,0.11612903225806451,0.0,0.02258064516129032,0.0,0.15483870967741933,0.0,0.7000000000000001,0.0064516129032258064,0.0,0.5852842809364548,0.12709030100334448,0.28762541806020064,0.0,0.011342155009451795,3.2953273032184764,608.0,0.0529,0.031,0.029900000000000003,2,7.5,73.0,58.0,410.0,500.0,620.0,29.0,35.0
0.0,0.09230769230769229,0.0,0.015384615384615384,0.0,0.12307692307692307,0.0,0.7692307692307692,0.0,0.0,0.4525547445255474,0.1751824817518248,0.3722627737226277,0.0,0.017278617710583154,3.2676396925925695,625.0,0.0463,0.026000000000000002,0.0274,2,7.6,48.0,40.0,490.0,460.0,440.0,14.0,46.0
0.0,0.10819165378670789,0.0,0.02163833075734158,0.0,0.19165378670788255,0.0,0.6723338485316848,0.006182380216383308,0.0,0.8322981366459627,0.05279503105590062,0.11490683229813665,0.0,0.0034512510785159626,3.586862870461462,575.0,0.11589999999999999,0.0647,0.0644,2,7.4,140.0,150.0,360.0,1000.0,1900.0,55.0,25.0
0.0,0.08292682926829269,0.0,0.02439024390243903,0.0,0.15121951219512197,0.0,0.7414634146341464,0.0,0.0,0.7192575406032483,0.09048723897911833,0.19025522041763343,0.0,0.007915567282321899,3.4261029953700803,634.0,0.0758,0.040999999999999995,0.0431,2,7.5,70.0,75.0,390.0,700.0,1100.0,40.0,37.0
0.0,0.08292682926829269,0.0,0.02439024390243903,0.0,0.15121951219512197,0.0,0.7414634146341464,0.0,0.0,0.7192575406032483,0.09048723897911833,0.19025522041763343,0.0,0.007915567282321899,3.4261029953700803,549.0,0.0758,0.040999999999999995,0.0431,2,7.5,70.0,75.0,390.0,700.0,1100.0,40.0,37.0
0.0,0.031570457425970734,0.0,0.015209125475285171,0.0,0.17628759073625994,0.0,0.7767023850674041,0.00023044129508007836,0.0,0.9040560726186374,0.014362863380443527,0.08158106400091922,0.0,0.00031000062000124,4.703485374978113,29.0,1.6129,0.8679,0.8703,0,6.9,530.0,1800.0,3300.0,15000.0,27000.0,500.0,27.0
0.0,0.08068854222700376,0.0,0.015061861215707368,0.0,0.15169445938676707,0.0,0.7525551371705217,0.0,0.0,0.8898936170212766,0.04627659574468085,0.06382978723404255,0.0,0.0011537352177675225,4.042420150550987,8.0,0.3467,0.1859,0.188,0,7.1,300.0,340.0,570.0,3200.0,5900.0,110.0,22.0
0.0,0.1108433734939759,0.0,0.019277108433734938,0.0,0.21686746987951805,0.0,0.6481927710843374,0.0048192771084337345,0.0,0.6813186813186813,0.07252747252747253,0.24615384615384617,0.0,0.004010695187165776,3.434946815262357,670.0,0.07479999999999999,0.0415,0.0455,2,7.6,94.0,110.0,540.0,620.0,1100.0,31.0,16.0
0.0,0.09937888198757765,0.0,0.027950310559006212,0.0,0.18012422360248445,0.0,0.6863354037267081,0.006211180124223603,0.0,0.6793650793650793,0.11746031746031746,0.20317460317460317,0.0,0.01061946902654867,3.3085051875482048,472.0,0.05650000000000001,0.0322,0.0315,2,7.8,66.0,71.0,310.0,510.0,760.0,35.0,38.0
0.0,0.06278026905829596,0.0,0.02242152466367713,0.0,0.23318385650224213,0.0,0.6816143497757847,0.0,0.0,0.5275229357798165,0.24311926605504589,0.22935779816513763,0.0,0.005194805194805195,3.162380404708188,750.0,0.0385,0.0223,0.0218,2,7.5,29.0,63.0,240.0,350.0,410.0,21.0,15.0
0.0,0.038075458636206296,0.0,0.017133956386292837,0.0,0.17480096919349258,0.0,0.7696434752509519,0.00034614053305642093,0.0,0.8987223434091617,0.021813649111872856,0.0794640074789654,0.0,0.000441306266548985,4.557167026961978,29.0,1.133,0.5778,0.6418,0,7.1,430.0,1200.0,2400.0,10000.0,20000.0,380.0,29.0
0.0,0.07865168539325842,0.0,0.022471910112359553,0.0,0.19662921348314608,0.0,0.6966292134831461,0.005617977528089888,0.0,0.6901408450704225,0.10140845070422534,0.2084507042253521,0.0,0.003194888178913738,3.3459578998333246,654.0,0.0626,0.0356,0.035500000000000004,2,7.8,56.0,84.0,360.0,570.0,870.0,32.0,14.0
0.0,0.10227272727272727,0.0,0.025568181818181816,0.0,0.13068181818181818,0.0,0.7414772727272727,0.0,0.0,0.5988372093023255,0.13372093023255813,0.26744186046511625,0.0,0.012965964343598054,3.3597467937652885,370.0,0.061700000000000005,0.0352,0.0344,2,7.5,73.0,55.0,440.0,600.0,730.0,34.0,50.0
0.0,0.054945054945054944,0.0,0.027472527472527472,0.0,0.08241758241758242,0.0,0.8351648351648351,0.0,0.0,0.35911602209944754,0.1988950276243094,0.44198895027624313,0.0,0.015847860538827262,3.41130120758191,444.0,0.06309999999999999,0.0364,0.036199999999999996,2,7.7,41.0,36.0,770.0,700.0,460.0,40.0,61.0
0.0,0.06751054852320676,0.0,0.03375527426160338,0.0,0.09282700421940929,0.0,0.8059071729957806,0.0,0.0,0.3782608695652174,0.2826086956521739,0.3391304347826087,0.0,0.016826923076923076,3.224592440612745,388.0,0.0416,0.0237,0.023,2,8.0,31.0,27.0,380.0,440.0,310.0,30.0,43.0
0.0,0.05382865807429871,0.0,0.01478392721758908,0.0,0.17475360121304018,0.0,0.7562547384382107,0.00037907505686125847,0.0,0.8897485493230174,0.020116054158607347,0.09013539651837524,0.0,0.00031210986267166043,4.482493269461228,11.0,0.9611999999999999,0.5276000000000001,0.517,0,7.0,560.0,1100.0,2200.0,9000.0,16000.0,300.0,20.0
0.0,0.1366120218579235,0.0,0.013661202185792353,0.0,0.24590163934426232,0.0,0.5928961748633881,0.010928961748633882,0.0,0.7255434782608696,0.07880434782608695,0.1956521739130435,0.0,0.003184713375796178,3.3501844399482046,600.0,0.06280000000000001,0.036599999999999994,0.0368,2,8.0,100.0,110.0,350.0,500.0,950.0,21.0,14.0
0.0,0.09101251422070535,0.0,0.0136518771331058,0.0,0.19567690557451647,0.0,0.6928327645051194,0.0068259385665529,0.0,0.8358024691358026,0.03580246913580247,0.12839506172839507,0.0,0.001324503311258278,3.6937618581154763,545.0,0.15100000000000002,0.0879,0.08099999999999999,2,7.5,160.0,210.0,500.0,1400.0,2400.0,45.0,14.0
0.0,0.14024390243902438,0.0,0.03048780487804878,0.0,0.20121951219512194,0.0,0.6219512195121951,0.006097560975609756,0.0,0.7138643067846607,0.09734513274336283,0.18879056047197643,0.0,0.005163511187607573,3.317904934750523,600.0,0.0581,0.0328,0.0339,2,7.8,91.0,80.0,310.0,470.0,860.0,38.0,19.0
0.0,0.1739130434782609,0.0,0.027173913043478264,0.0,0.2717391304347826,0.0,0.5163043478260869,0.010869565217391306,0.0,0.5945945945945946,0.1783783783783784,0.227027027027027,0.0,0.01607717041800643,3.082736554308938,645.0,0.031100000000000003,0.0184,0.0185,2,7.6,66.0,62.0,200.0,220.0,390.0,20.0,29.0
0.0,0.1572052401746725,0.0,0.02183406113537118,0.0,0.2620087336244542,0.0,0.5502183406113538,0.008733624454148473,0.0,0.6768558951965066,0.148471615720524,0.17467248908296942,0.0,0.012690355329949237,3.162574830660239,340.0,0.039400000000000004,0.022899999999999997,0.0229,2,7.7,72.0,74.0,190.0,290.0,550.0,20.0,29.0
0.0,0.14285714285714285,0.0,0.02040816326530612,0.0,0.23129251700680273,0.0,0.5918367346938775,0.01360544217687075,0.0,0.6746575342465754,0.10616438356164384,0.21917808219178087,0.0,0.0020080321285140565,3.25620545259401,900.0,0.0498,0.0294,0.029199999999999997,2,7.7,84.0,84.0,310.0,400.0,700.0,22.0,4.7
0.0,0.1229050279329609,0.0,0.0223463687150838,0.0,0.21787709497206703,0.0,0.6312849162011173,0.00558659217877095,0.0,0.7736389684813754,0.11747851002865331,0.10888252148997135,0.0,0.00792393026941363,3.3368444643763375,200.0,0.0631,0.0358,0.0349,2,7.3,90.0,94.0,180.0,520.0,960.0,31.0,32.0
0.0,0.035535454692295264,0.00032304958811177516,0.008399289290906154,0.0,0.16346309158455824,0.0,0.7919560652560168,0.00032304958811177516,0.0011524530786960814,0.9040171221600263,0.003621995390187685,0.09120842937108987,0.00043956043956043956,0.0,4.5504074155099525,2960.0,1.1375,0.6191,0.6074,0,7.7,430.0,1200.0,2600.0,11000.0,19000.0,200.0,2.8
0.0,0.16326530612244897,0.0,0.02380952380952381,0.0,0.25170068027210885,0.0,0.5476190476190477,0.01360544217687075,0.0,0.6904761904761906,0.1054421768707483,0.20408163265306126,0.0020040080160320644,0.006012024048096192,3.262063207881502,750.0,0.04989999999999999,0.0294,0.029399999999999996,2,7.6,98.0,91.0,290.0,370.0,720.0,27.0,17.0
0.0,0.1153846153846154,0.0,0.019230769230769232,0.0,0.22649572649572652,0.0,0.6303418803418804,0.008547008547008548,0.0,0.7904967602591793,0.06695464362850971,0.14254859611231102,0.0,0.0024449877750611247,3.447321884553423,704.0,0.0818,0.046799999999999994,0.0463,2,7.5,110.0,130.0,320.0,680.0,1300.0,34.0,15.0
0.0,0.07884696905468418,0.0,0.013988978380669776,0.0,0.16447647308181435,0.0,0.7418397626112759,0.000847816871555744,0.0,0.8874441284030882,0.010158472165786265,0.10239739943112555,0.0,0.000680426400544341,4.150140059526233,700.0,0.4409,0.2359,0.2461,0,7.5,370.0,470.0,1200.0,4000.0,7700.0,130.0,16.0
0.0,0.07175398633257404,0.0,0.013097949886104784,0.0,0.16400911161731208,0.0,0.7454441913439636,0.005694760820045559,0.0,0.8857971014492753,0.016811594202898548,0.09739130434782607,0.0,0.000627549419516787,4.006827242127791,516.0,0.3187,0.17559999999999998,0.17250000000000001,2,8.0,250.0,350.0,800.0,3000.0,5400.0,88.0,13.0
0.0,0.15625,0.0,0.011718749999999998,0.0,0.22656249999999997,0.0,0.59375,0.011718749999999998,0.0,0.7115789473684211,0.048421052631578955,0.24000000000000005,0.0,0.002406738868832732,3.4706296558768504,625.0,0.0831,0.0512,0.047499999999999994,2,7.6,160.0,140.0,550.0,700.0,1200.0,24.0,15.0
0.0,0.12222222222222223,0.0,0.022222222222222227,0.0,0.22222222222222224,0.0,0.6277777777777778,0.005555555555555557,0.0,0.7628571428571428,0.12285714285714285,0.11428571428571428,0.0,0.007911392405063292,3.3407559413231565,180.0,0.06319999999999999,0.036,0.035,2,7.5,87.0,97.0,190.0,520.0,950.0,33.0,30.0
0.0,0.20689655172413793,0.0,0.014778325123152709,0.0,0.27586206896551724,0.0,0.4926108374384237,0.009852216748768475,0.0,0.6878048780487804,0.17560975609756097,0.13658536585365852,0.0,0.01149425287356322,3.1107400713565063,150.0,0.0348,0.0203,0.0205,2,7.5,84.0,69.0,130.0,230.0,500.0,12.0,27.0
0.0,0.08486562942008487,0.0,0.013437057991513438,0.0,0.1867043847241867,0.0,0.7093352192362093,0.005657708628005658,0.0,0.8830791575889616,0.02396514161220044,0.09295570079883807,0.0,0.0011838989739542225,3.9099895510365843,464.0,0.2534,0.1414,0.1377,2,7.4,240.0,320.0,610.0,2300.0,4300.0,73.0,17.0
0.0,0.15053763440860216,0.0,0.021505376344086023,0.0,0.2795698924731183,0.0,0.5376344086021506,0.010752688172043012,0.0,0.6789473684210526,0.19473684210526318,0.12631578947368421,0.0,0.006153846153846154,3.0780162824437554,665.0,0.0325,0.0186,0.019,2,7.8,57.0,63.0,120.0,230.0,460.0,16.0,13.0
0.0,0.12093023255813953,0.0,0.023255813953488375,0.0,0.2976744186046512,0.0,0.4651162790697675,0.0930232558139535,0.0,0.654054054054054,0.227027027027027,0.11891891891891893,0.0,0.00890207715133531,3.1090527222636366,900.0,0.0337,0.0215,0.0185,1,7.6,54.0,78.0,110.0,230.0,430.0,19.0,19.0
0.0,0.7475728155339806,0.0,0.004854368932038835,0.0,0.03883495145631068,0.0,0.2087378640776699,0.0,0.0,0.1948529411764706,0.8051470588235294,0.0,0.0,0.005012531328320803,3.278432927550049,70.0,0.0399,0.0206,0.0272,2,6.9,310.0,9.2,0.1,100.0,190.0,2.6,13.0
0.0,0.17647058823529413,0.0,0.016339869281045753,0.0,0.24836601307189543,0.0,0.5522875816993463,0.006535947712418301,0.0,0.7623762376237623,0.052805280528052806,0.1848184818481848,0.0,0.007707129094412334,3.265168657294547,195.0,0.05189999999999999,0.0306,0.0303,2,7.3,110.0,93.0,270.0,390.0,820.0,19.0,23.0
0.0,0.1292307692307692,0.0,0.01846153846153846,0.0,0.2276923076923077,0.0,0.6123076923076923,0.012307692307692308,0.0,0.7241379310344828,0.0877742946708464,0.18808777429467086,0.0,0.0035971223021582736,3.293838868069182,830.0,0.0556,0.0325,0.0319,2,7.6,86.0,89.0,290.0,460.0,820.0,23.0,14.0
0.0,0.42154566744730676,0.0,0.0,0.0,0.01873536299765808,0.0,0.5597189695550351,0.0,0.0,0.9099307159353348,0.09006928406466512,0.0,0.0,0.002604166666666667,3.411604858898089,198.0,0.0768,0.0427,0.0433,2,7.2,360.0,10.0,4.3,550.0,1400.0,1.9,13.0
0.0,0.5367965367965368,0.01731601731601732,0.030303030303030307,0.0,0.07792207792207793,0.0,0.3376623376623377,0.0,0.0,0.2971014492753623,0.5579710144927535,0.14492753623188404,0.0,0.004807692307692307,3.2704630557877232,16.0,0.041600000000000005,0.023099999999999996,0.027600000000000003,3,6.8,250.0,21.0,190.0,180.0,290.0,28.0,12.0
0.0,0.19289340101522845,0.0,0.02538071065989848,0.0,0.24365482233502536,0.0,0.5279187817258884,0.010152284263959392,0.0,0.7076923076923077,0.23076923076923075,0.061538461538461535,0.0,0.01440922190201729,3.1032318198680526,210.0,0.0347,0.0197,0.0195,2,7.3,76.0,59.0,60.0,240.0,490.0,18.0,32.0
0.0,0.27499999999999997,0.0,0.002083333333333333,0.0,0.05555555555555555,0.0,0.6659722222222222,0.0013888888888888887,0.0,0.9905109489051095,0.0021897810218978104,0.007299270072992702,0.0,0.0,3.9023075198912243,175.0,0.2566,0.14400000000000002,0.13699999999999998,2,8.8,790.0,96.0,48.0,2200.0,4800.0,11.0,0.1
0.0,0.14788732394366194,0.0,0.017605633802816902,0.0,0.23943661971830985,0.0,0.5809859154929577,0.014084507042253521,0.0,0.7073170731707318,0.10452961672473869,0.18815331010452965,0.0,0.00408997955010225,3.247021266005082,968.0,0.0489,0.0284,0.028699999999999996,2,8.1,86.0,82.0,260.0,380.0,720.0,19.0,15.0
0.0,0.1910112359550562,0.0,0.028089887640449444,0.0,0.28089887640449446,0.0,0.4887640449438203,0.011235955056179778,0.0,0.7045454545454546,0.21590909090909094,0.07954545454545456,0.0,0.019354838709677417,3.0606646816482233,290.0,0.031,0.017799999999999996,0.017599999999999998,2,7.5,68.0,62.0,72.0,200.0,440.0,18.0,37.0
0.0,0.1392757660167131,0.0,0.01671309192200557,0.0,0.2284122562674095,0.0,0.6044568245125348,0.011142061281337047,0.0,0.7640117994100295,0.08849557522123894,0.14749262536873156,0.0,0.004934210526315788,3.3224816534233037,625.0,0.06080000000000001,0.0359,0.0339,2,7.4,99.0,100.0,240.0,500.0,920.0,22.0,16.0
0.0,0.2077922077922078,0.0,0.01038961038961039,0.0,0.23376623376623376,0.0,0.5428571428571428,0.005194805194805195,0.0,0.7113402061855669,0.07216494845360824,0.21649484536082472,0.0,0.00462962962962963,3.371432719619304,165.0,0.06479999999999998,0.0385,0.0388,2,7.4,160.0,110.0,400.0,480.0,980.0,17.0,20.0
0.0,0.3448275862068966,0.0,0.008620689655172415,0.0,0.19827586206896552,0.0,0.4482758620689655,0.0,0.0,0.563265306122449,0.19999999999999998,0.236734693877551,0.0,0.02531645569620253,3.2082920151616308,87.0,0.0395,0.0232,0.0245,2,7.1,160.0,56.0,280.0,240.0,490.0,7.1,60.0
0.0,0.158311345646438,0.0,0.013192612137203168,0.0,0.2110817941952507,0.0,0.6068601583113457,0.010554089709762534,0.0,0.7500000000000001,0.06720430107526883,0.1827956989247312,0.0,0.0030911901081916537,3.3574350446689367,1300.0,0.06470000000000001,0.037899999999999996,0.0372,2,7.6,120.0,98.0,330.0,530.0,990.0,21.0,14.0
0.0,0.13937282229965156,0.0,0.017421602787456445,0.0,0.2229965156794425,0.0,0.6062717770034843,0.013937282229965157,0.0,0.6389891696750902,0.1227436823104693,0.2382671480144404,0.0,0.004175365344467642,3.247651671258336,760.0,0.04789999999999999,0.0287,0.027700000000000002,2,7.6,81.0,77.0,320.0,400.0,630.0,20.0,15.0
0.0,0.30337078651685395,0.0,0.016853932584269662,0.0,0.19101123595505617,0.0,0.4887640449438202,0.0,0.0,0.5517241379310345,0.27586206896551724,0.1724137931034483,0.0,0.01346801346801347,3.069914990089606,20.0,0.0297,0.0178,0.0174,2,7.3,110.0,42.0,140.0,200.0,340.0,12.0,27.0
0.0,0.17250673854447438,0.0,0.01617250673854447,0.0,0.22102425876010778,0.0,0.5741239892183287,0.01617250673854447,0.0,0.7726027397260273,0.08493150684931505,0.1424657534246575,0.0,0.004709576138147567,3.347902964487698,205.0,0.06369999999999999,0.03710000000000001,0.036500000000000005,1,7.3,130.0,100.0,250.0,490.0,1000.0,25.0,18.0
0.0,0.13961605584642234,0.0,0.013961605584642234,0.0,0.23036649214659685,0.0,0.6055846422338569,0.010471204188481674,0.0,0.8493408662900188,0.04896421845574388,0.1016949152542373,0.0,0.003089598352214212,3.5063523124867486,605.0,0.09709999999999999,0.057300000000000004,0.0531,2,7.3,160.0,160.0,260.0,800.0,1600.0,30.0,16.0
0.0,0.19023136246786634,0.0,0.015424164524421594,0.0,0.23136246786632392,0.0,0.557840616966581,0.0051413881748071984,0.0,0.7948717948717948,0.08205128205128205,0.12307692307692307,0.0,0.00591715976331361,3.369614464408154,230.0,0.0676,0.0389,0.039,2,7.2,150.0,110.0,230.0,500.0,1100.0,24.0,22.0
0.0,0.032529942333284045,0.0,0.015821381043915422,0.0,0.16176253142096703,0.0,0.7898861452018335,0.0,0.0,0.9097544790975448,0.0053085600530856005,0.08493696084936961,8.418217021634817e-05,0.0,4.563277328573306,2067.0,1.1879000000000002,0.6763,0.6028,0,7.9,430.0,1300.0,2400.0,12000.0,19000.0,410.0,2.6
0.0,0.18264840182648404,0.0,0.018264840182648404,0.0,0.24657534246575344,0.0,0.5342465753424658,0.018264840182648404,0.0,0.5934579439252335,0.1261682242990654,0.2803738317757009,0.0,0.005617977528089888,3.138368642750559,670.0,0.0356,0.0219,0.021400000000000002,1,7.5,81.0,65.0,290.0,270.0,450.0,15.0,15.0
0.0,0.15609756097560978,0.0,0.019512195121951223,0.0,0.24390243902439027,0.0,0.5707317073170732,0.009756097560975611,0.0,0.587378640776699,0.16019417475728154,0.2524271844660194,0.0,0.008670520231213872,3.124121799112479,568.0,0.0346,0.020499999999999997,0.0206,2,7.6,66.0,60.0,250.0,270.0,430.0,15.0,19.0
0.0,0.18372703412073493,0.0,0.013123359580052495,0.0,0.19947506561679793,0.0,0.5931758530183727,0.010498687664041996,0.0,0.7175572519083969,0.06361323155216285,0.2188295165394402,0.0,0.0060606060606060615,3.3780786771538027,185.0,0.06599999999999999,0.038099999999999995,0.0393,2,7.4,140.0,92.0,410.0,520.0,1000.0,18.0,25.0
0.0,0.1813031161473088,0.0,0.0113314447592068,0.0,0.1813031161473088,0.0,0.6147308781869689,0.0113314447592068,0.0,0.7828746177370031,0.045871559633027525,0.1712538226299694,0.0,0.006779661016949153,3.310583078874948,163.0,0.059,0.0353,0.0327,2,7.7,130.0,78.0,270.0,500.0,910.0,17.0,25.0
0.0,0.5846153846153846,0.041025641025641026,0.005128205128205128,0.0,0.12307692307692307,0.0,0.24615384615384614,0.0,0.0,0.25112107623318386,0.4887892376681614,0.2600896860986547,0.0,0.0125,3.1774651601200494,15.0,0.032,0.0195,0.0223,3,6.5,230.0,29.0,280.0,110.0,200.0,2.4,24.0
0.0,0.04210147535084563,0.0003598416696653473,0.013673983447283196,0.0,0.14357682619647355,0.0,0.7992083483267363,0.0010795250089960418,0.0,0.9054903604358759,0.005238893545683152,0.08927074601844091,0.0003124674513071555,0.00010415581710238519,4.470002016552504,2150.0,0.9600999999999998,0.5558,0.47719999999999996,0,6.9,460.0,950.0,2000.0,10000.0,15000.0,290.0,5.5
0.0,0.15197568389057747,0.0,0.012158054711246199,0.0,0.2249240121580547,0.0,0.5927051671732522,0.018237082066869297,0.0,0.7313432835820896,0.10149253731343283,0.1671641791044776,0.0,0.005226480836236933,3.312169885325219,585.0,0.0574,0.032900000000000006,0.0335,1,7.5,100.0,90.0,270.0,450.0,870.0,17.0,18.0
0.0,0.1512605042016807,0.0,0.016806722689075633,0.0,0.2773109243697479,0.0,0.546218487394958,0.008403361344537816,0.0,0.7309417040358743,0.12556053811659193,0.14349775784753363,0.0,0.005063291139240507,3.147862428230489,605.0,0.03949999999999999,0.023799999999999998,0.0223,2,7.8,74.0,81.0,150.0,300.0,580.0,15.0,15.0
0.0,0.14358974358974358,0.0,0.02564102564102564,0.0,0.19487179487179487,0.0,0.6256410256410256,0.010256410256410256,0.0,0.5897435897435898,0.15384615384615385,0.25641025641025644,0.0,0.008982035928143712,3.1042211610990758,140.0,0.0334,0.0195,0.0195,2,7.8,58.0,47.0,240.0,280.0,410.0,18.0,20.0
0.0,0.16080402010050251,0.0,0.012562814070351758,0.0,0.20603015075376885,0.0,0.6005025125628141,0.020100502512562814,0.0,0.7769423558897244,0.05764411027568923,0.16541353383458648,0.0,0.004347826086956523,3.3822343516851907,600.0,0.06899999999999998,0.0398,0.0399,1,7.6,130.0,100.0,320.0,550.0,1100.0,18.0,17.0
0.0,0.09225092250922509,0.0,0.007380073800738008,0.0,0.13653136531365315,0.0,0.7638376383763837,0.0,0.0,0.6318141197497765,0.22877569258266311,0.1394101876675603,0.0,0.008424182358771059,3.8591098539790107,16.0,0.20180000000000003,0.1084,0.1119,2,7.0,200.0,180.0,750.0,1900.0,2500.0,31.0,99.0
0.0,0.08212147134302822,0.0,0.007698887938408896,0.0,0.12660393498716851,0.0,0.7835757057313943,0.0,0.0,0.6395641240569991,0.21290863369656324,0.14752724224643754,0.0,0.00692201199815413,3.8857620448886587,25.0,0.2167,0.1169,0.11930000000000002,2,7.0,190.0,180.0,840.0,2100.0,2700.0,34.0,90.0
0.0,0.1050080775444265,0.0,0.008077544426494346,0.0,0.1470113085621971,0.0,0.7399030694668821,0.0,0.0,0.6139534883720931,0.19224806201550387,0.1937984496124031,0.0,0.007070260715863898,3.916173883089789,18.0,0.2263,0.1238,0.129,2,7.0,260.0,220.0,1200.0,2100.0,2800.0,38.0,96.0
0.0,0.1550925925925926,0.0,0.009259259259259259,0.0,0.18055555555555552,0.0,0.6550925925925926,0.0,0.0,0.5625692137320044,0.22037652270210412,0.2170542635658915,0.0,0.009102730819245772,3.765486470477847,26.0,0.15380000000000002,0.0864,0.09029999999999999,2,6.9,270.0,190.0,940.0,1300.0,1800.0,32.0,86.0
0.0,0.15327564894932014,0.0,0.00865265760197775,0.0,0.19283065512978986,0.0,0.6452410383189123,0.0,0.0,0.5387365911799761,0.23957091775923717,0.22169249106078662,0.0,0.010489510489510488,3.7376727657704825,17.0,0.14300000000000002,0.0809,0.0839,2,6.9,250.0,190.0,890.0,1200.0,1600.0,27.0,90.0
0.0,0.1818181818181818,0.0,0.012987012987012984,0.0,0.0909090909090909,0.0,0.7142857142857142,0.0,0.0,0.6724511930585683,0.1843817787418655,0.14316702819956614,0.0,0.0036144578313253013,3.4738372715512598,56.0,0.08299999999999999,0.046200000000000005,0.0461,2,8.2,170.0,52.0,320.0,760.0,1100.0,24.0,21.0
0.0,0.05555555555555555,0.0,0.016628873771730914,0.0,0.15797430083144368,0.0,0.7687074829931972,0.0011337868480725622,0.00018497965223825382,0.901590825009249,0.004254532001479837,0.09396966333703292,0.0004048173261815606,0.00010120433154539016,4.49451046386055,1900.0,0.9880999999999999,0.5292,0.5406,0,7.2,580.0,1000.0,2400.0,9200.0,17000.0,340.0,7.6
0.0,0.3048780487804878,0.0,0.009146341463414632,0.0,0.18292682926829268,0.0,0.5030487804878049,0.0,0.0,0.4527220630372493,0.3810888252148997,0.16618911174785098,0.0,0.06578947368421052,3.4238736065358624,16.0,0.06080000000000001,0.0328,0.0349,2,6.9,200.0,72.0,280.0,380.0,560.0,12.0,240.0
0.0,0.19576719576719578,0.0,0.015873015873015872,0.0,0.13227513227513227,0.0,0.656084656084656,0.0,0.0,0.6048192771084338,0.2746987951807229,0.12048192771084337,0.0,0.002824858757062147,3.418547360479815,171.0,0.0708,0.0378,0.0415,2,7.0,150.0,62.0,240.0,570.0,890.0,22.0,12.0
0.0,0.16444444444444442,0.0,0.01111111111111111,0.0,0.21777777777777774,0.0,0.5888888888888888,0.017777777777777778,0.0,0.8133333333333334,0.05333333333333333,0.13333333333333333,0.0,0.0038314176245210726,3.4303551754782466,1300.0,0.0783,0.045000000000000005,0.045,1,7.2,150.0,120.0,290.0,610.0,1300.0,18.0,18.0
0.0,0.19125683060109286,0.0,0.013661202185792348,0.0,0.24590163934426224,0.0,0.5327868852459016,0.016393442622950814,0.0,0.8121387283236995,0.07225433526011561,0.11560693641618498,0.0,0.0049019607843137246,3.323818521042993,400.0,0.06120000000000001,0.03660000000000001,0.0346,1,7.7,140.0,110.0,190.0,450.0,1000.0,18.0,19.0
0.0,0.2660753880266075,0.0,0.013303769401330375,0.0,0.13303769401330376,0.0,0.5875831485587583,0.0,0.0,0.6,0.26382978723404255,0.13617021276595745,0.0,0.004981320049813202,3.4793807193573363,90.0,0.08029999999999998,0.0451,0.047,2,7.0,240.0,72.0,310.0,610.0,1000.0,23.0,23.0
0.0,0.3756345177664974,0.0,0.005076142131979695,0.0,0.0913705583756345,0.0,0.5279187817258882,0.0,0.0,0.6391752577319588,0.2680412371134021,0.09278350515463919,0.0,0.008849557522123895,3.1110300770304065,108.0,0.03389999999999999,0.019700000000000002,0.019399999999999997,2,9.5,150.0,22.0,86.0,240.0,440.0,5.8,19.0
0.0,0.27611940298507465,0.0,0.011194029850746268,0.0,0.08208955223880599,0.0,0.6305970149253731,0.0,0.0,0.5283687943262411,0.3581560283687943,0.11347517730496454,0.0,0.0061349693251533735,3.272570122182607,19.0,0.0489,0.026799999999999997,0.028200000000000003,2,6.9,150.0,26.0,150.0,390.0,530.0,12.0,20.0
0.0,0.27972027972027974,0.0,0.013986013986013986,0.0,0.0979020979020979,0.0,0.6083916083916083,0.0,0.0,0.5286624203821657,0.356687898089172,0.11464968152866242,0.0,0.007518796992481203,3.3097479431884698,100.0,0.053200000000000004,0.0286,0.0314,2,6.8,160.0,34.0,170.0,400.0,590.0,16.0,22.0
0.0,0.3111111111111111,0.0,0.01111111111111111,0.0,0.08148148148148149,0.0,0.5962962962962963,0.0,0.0,0.5328185328185329,0.3359073359073359,0.13127413127413126,0.0,0.006493506493506492,3.2504703092390197,37.0,0.046200000000000005,0.027,0.0259,2,7.5,170.0,26.0,160.0,370.0,490.0,11.0,20.0
0.0,0.05843607498733321,0.0,0.019422394865732138,0.0,0.1702415132578956,0.0,0.7505488937679445,0.0013511231210944095,0.0008196721311475412,0.8975409836065575,0.003934426229508198,0.0977049180327869,0.00036205648081100655,0.00018102824040550327,4.545587458943378,1652.0,1.1048,0.5921000000000001,0.6099999999999999,0,7.2,680.0,1200.0,2800.0,10000.0,19000.0,440.0,11.0
0.0,0.06897797038642109,0.0,0.017876489707475626,0.0,0.15131816540267246,0.0,0.7600216684723727,0.001805706031058144,0.0,0.9049471928849362,0.004632203075782843,0.0904206040392811,0.0,0.00019845207382417147,4.5013885312346,1120.0,1.0078,0.5538,0.5397,0,7.5,750.0,1000.0,2300.0,9500.0,17000.0,380.0,13.0
0.0,0.08785120696478038,0.0,0.015433320142461418,0.0,0.16383062920459043,0.0,0.7281361297981797,0.004748713889988128,0.00038124285169653075,0.8989706443004195,0.012962256957682043,0.08768585589020206,0.00021208907741251324,0.0006362672322375397,4.178804676540807,900.0,0.47150000000000003,0.2527,0.2623,0,7.0,440.0,500.0,1100.0,4200.0,8300.0,150.0,17.0
0.0,0.11904761904761904,0.0,0.014285714285714284,0.0,0.1857142857142857,0.0,0.6738095238095237,0.007142857142857142,0.0,0.8581081081081081,0.033783783783783786,0.1081081081081081,0.0,0.0012894906511927789,3.709729688012165,410.0,0.15510000000000002,0.084,0.0888,2,7.4,200.0,190.0,460.0,1300.0,2700.0,46.0,14.0
0.0,0.08269525267993875,0.0,0.018376722817764164,0.0,0.1653905053598775,0.0,0.7335375191424196,0.0,0.0,0.8154093097913323,0.04975922953451044,0.1348314606741573,0.0,0.0025951557093425604,3.5796517568033117,1280.0,0.1156,0.0653,0.062299999999999994,2,7.5,110.0,130.0,400.0,1100.0,1800.0,45.0,16.0
0.0,0.15727391874180865,0.0,0.010484927916120578,0.0,0.1939711664482307,0.0,0.6277850589777195,0.010484927916120578,0.0,0.8385012919896642,0.03229974160206719,0.12919896640826875,0.0,0.002218934911242603,3.6581850892566945,1004.0,0.13520000000000001,0.07629999999999999,0.0774,2,7.7,240.0,180.0,480.0,1100.0,2300.0,31.0,18.0
0.0,0.17758985200845664,0.0,0.010570824524312896,0.0,0.20718816067653276,0.0,0.587737843551797,0.016913319238900635,0.0,0.747787610619469,0.04867256637168142,0.20353982300884957,0.0,0.0038119440914866584,3.444428492702421,900.0,0.07869999999999999,0.0473,0.0452,1,7.5,170.0,120.0,440.0,640.0,1200.0,18.0,18.0
0.0,0.18181818181818182,0.0,0.01346801346801347,0.0,0.2356902356902357,0.0,0.5555555555555556,0.01346801346801347,0.0,0.8734177215189874,0.1139240506329114,0.012658227848101267,0.0,0.003642987249544627,3.2662734772911546,160.0,0.0549,0.0297,0.031599999999999996,2,7.4,110.0,85.0,20.0,380.0,980.0,14.0,14.0
0.0,0.21404682274247494,0.0,0.016722408026755852,0.0,0.23411371237458195,0.0,0.5217391304347826,0.013377926421404684,0.0,0.5584415584415584,0.1038961038961039,0.3376623376623376,0.0,0.004098360655737705,3.28510777291254,400.0,0.0488,0.0299,0.0308,2,7.2,130.0,84.0,500.0,360.0,610.0,20.0,12.0
0.0,0.22499999999999998,0.0,0.02083333333333333,0.0,0.26666666666666666,0.0,0.4708333333333332,0.016666666666666666,0.0,0.4881889763779528,0.12598425196850394,0.3858267716535433,0.0,0.007751937984496122,3.2071623373755713,620.0,0.038700000000000005,0.024000000000000004,0.0254,1,7.4,110.0,79.0,470.0,260.0,440.0,18.0,19.0
0.0,0.10183299389002037,0.0,0.014256619144602852,0.0,0.1710794297352342,0.0,0.7087576374745417,0.004073319755600815,0.0020161290322580645,0.7963709677419354,0.06854838709677419,0.13306451612903225,0.0,0.0022522522522522522,3.47527501535744,1038.0,0.0888,0.0491,0.049600000000000005,0,7.6,100.0,103.0,320.0,800.0,1400.0,28.0,13.0
0.0,0.07805399625768512,0.0,0.018711574445335475,0.0,0.14915797914995993,0.0,0.7524726009088479,0.001603849238171612,0.0007568113017154389,0.8635216952573159,0.008072653884964682,0.12764883955600403,0.0002845354958031015,0.00042680324370465223,4.3590072388102055,2330.0,0.7028999999999999,0.37409999999999993,0.3964,0,7.0,580.0,670.0,2400.0,6400.0,12000.0,270.0,17.0
0.0,0.1948051948051948,0.0,0.010822510822510824,0.0,0.1948051948051948,0.0,0.5822510822510822,0.017316017316017316,0.0,0.7515400410677618,0.04312114989733059,0.2053388090349076,0.0,0.0037128712871287127,3.462832195063947,1492.0,0.0808,0.0462,0.0487,1,7.8,180.0,110.0,480.0,620.0,1300.0,21.0,21.0
0.0,0.20224719101123595,0.0,0.008988764044943821,0.0,0.2202247191011236,0.0,0.5460674157303371,0.022471910112359553,0.0021645021645021645,0.7316017316017316,0.04112554112554113,0.22510822510822512,0.0,0.002638522427440633,3.440478004008351,1310.0,0.0758,0.0445,0.0462,1,7.8,180.0,120.0,500.0,560.0,1200.0,17.0,14.0
0.0,0.18567639257294433,0.0,0.013262599469496022,0.0,0.13262599469496023,0.0,0.6684350132625996,0.0,0.0,0.5689655172413792,0.2733990147783251,0.15763546798029557,0.0,0.004322766570605188,3.416884442430923,83.0,0.06939999999999999,0.0377,0.040600000000000004,2,7.1,140.0,62.0,310.0,580.0,820.0,19.0,19.0
0.0,0.20491803278688528,0.0,0.00819672131147541,0.0,0.2213114754098361,0.0,0.5327868852459017,0.03278688524590164,0.0,0.678714859437751,0.08835341365461849,0.23293172690763053,0.0,0.0072992700729927005,3.1884297567502986,360.0,0.0411,0.024399999999999998,0.0249,1,7.4,100.0,65.0,280.0,300.0,600.0,8.5,17.0
0.0,0.09442409442409441,0.0,0.01668701668701669,0.0,0.17175417175417176,0.0,0.7130647130647131,0.00407000407000407,0.0007870916961826053,0.8720975993703266,0.011412829594647777,0.11570247933884298,0.00022114108801415302,0.00044228217602830603,4.167011735060234,750.0,0.45220000000000005,0.2457,0.2541,0,7.2,460.0,510.0,1400.0,4000.0,7800.0,160.0,14.0
0.0,0.09540229885057472,0.0,0.012643678160919542,0.0,0.13333333333333333,0.0,0.7528735632183909,0.00574712643678161,0.0,0.8685651697699891,0.01642935377875137,0.1150054764512596,0.000306654400490647,0.0009199632014719409,4.025192270111578,600.0,0.32610000000000006,0.174,0.18259999999999998,2,7.2,330.0,280.0,1000.0,3000.0,5600.0,86.0,19.0
0.0,0.2913385826771654,0.0,0.011811023622047244,0.0,0.22834645669291337,0.0,0.46062992125984253,0.007874015748031496,0.0,0.7675276752767528,0.11439114391143912,0.11808118081180813,0.0,0.015590200445434303,3.218183200472494,149.0,0.04489999999999999,0.0254,0.0271,2,7.4,150.0,71.0,150.0,270.0,740.0,11.0,41.0
0.0,0.07186999313344013,0.0,0.01602197299153124,0.0,0.15289539940489813,0.0,0.7573815518425269,0.0018310826276035704,0.00022232103156958648,0.8903957314361939,0.006224988883948421,0.10315695864828811,0.0002455795677799607,0.0002455795677799607,4.414819496958024,1150.0,0.8144,0.43690000000000007,0.44980000000000003,0,6.9,620.0,800.0,2200.0,7500.0,14000.0,270.0,10.0
0.0,0.34177215189873417,0.0,0.012658227848101266,0.0,0.3164556962025316,0.0,0.30379746835443033,0.02531645569620253,0.0,0.35,0.15,0.5,0.0,0.013215859030837003,3.0297975402808746,917.0,0.0227,0.0158,0.016,1,7.7,110.0,60.0,390.0,110.0,200.0,7.2,19.0
0.0,0.13664596273291926,0.0,0.012422360248447206,0.0,0.2857142857142857,0.0,0.5403726708074534,0.02484472049689441,0.0,0.63125,0.08124999999999999,0.2875,0.0,0.007575757575757577,2.999911394887663,575.0,0.026399999999999996,0.0161,0.016,1,8.4,45.0,56.0,220.0,200.0,360.0,8.1,9.4
0.0,0.4094488188976378,0.0,0.007874015748031496,0.0,0.3543307086614173,0.0,0.2047244094488189,0.023622047244094488,0.0,0.2908366533864542,0.11155378486055778,0.5976095617529881,0.0,0.011976047904191617,3.2180054160935656,475.0,0.0334,0.0254,0.025099999999999997,1,7.6,210.0,110.0,720.0,120.0,260.0,7.5,24.0
0.0,0.20689655172413793,0.0,0.01149425287356322,0.0,0.26436781609195403,0.0,0.5172413793103449,0.0,0.0,0.6348314606741573,0.20786516853932585,0.15730337078651685,0.0,0.019801980198019802,3.063669891209674,1400.0,0.030299999999999997,0.0174,0.0178,2,7.6,70.6,57.0,130.0,208.0,403.0,9.27,34.5
2.8673752906801702e-06,0.37634300690177236,0.0,0.005376328670025319,0.0,0.27956909084131654,0.0,0.32795604887154445,0.010752657340050637,0.0,0.47668393782383417,0.05699481865284974,0.46632124352331605,0.0,0.004878044021420467,3.5530865066113857,650.0,0.08200008,0.05580016,0.0579,4,7.0,420.0,190.0,1300.0,420.0,980.0,11.0,22.0
0.0,0.2510460251046025,0.0,0.008368200836820083,0.0,0.2426778242677824,0.0,0.4728033472803347,0.025104602510460247,0.0,0.5685483870967742,0.13306451612903225,0.29838709677419356,0.0,0.010204081632653062,3.1961868556708195,860.0,0.0392,0.0239,0.0248,1,7.2,120.0,71.0,360.0,260.0,500.0,8.2,22.0
0.0,0.23148148148148148,0.0,0.009259259259259259,0.0,0.25925925925925924,0.0,0.48148148148148145,0.018518518518518517,0.0,0.6184210526315789,0.12719298245614033,0.25438596491228066,0.0,0.008264462809917356,3.151608876289646,320.0,0.0363,0.0216,0.0228,1,7.6,100.0,67.0,280.0,240.0,500.0,8.7,19.0
0.0,0.2660098522167488,0.0,0.009852216748768473,0.0,0.2364532019704433,0.0,0.4679802955665024,0.019704433497536946,0.0,0.6080402010050251,0.16080402010050251,0.23115577889447234,0.0,0.009118541033434648,3.106680214563098,163.0,0.032900000000000006,0.020300000000000002,0.0199,1,7.5,110.0,59.0,220.0,220.0,430.0,7.7,17.0
0.0,0.13953488372093026,0.0,0.012919896640826874,0.0,0.19121447028423774,0.0,0.6511627906976745,0.00516795865633075,0.0025510204081632655,0.7908163265306123,0.08928571428571429,0.11734693877551021,0.0,0.004322766570605187,3.3736094973385877,1320.0,0.0694,0.0387,0.0392,0,7.4,110.0,89.0,220.0,580.0,1100.0,19.0,16.0
0.0,0.37037037037037046,0.0,0.02645502645502646,0.0,0.41269841269841273,0.0,0.1798941798941799,0.010582010582010585,0.0,0.24742268041237112,0.17525773195876287,0.5773195876288659,0.0,0.015625,3.1134341610102068,342.0,0.0256,0.018899999999999997,0.0194,4,7.5,140.0,95.0,540.0,78.0,170.0,20.0,26.0
0.0,0.07312614259597805,0.0,0.008226691042047532,0.0,0.14076782449725775,0.0,0.7723948811700182,0.0054844606946983536,0.0,0.9638009049773756,0.014479638009049774,0.02171945701357466,0.0,0.0009666505558240696,3.803187120450471,500.0,0.2069,0.10940000000000001,0.1105,2,7.5,160.0,186.0,111.0,1940.0,3770.0,36.5,11.3
0.0,0.5898123324396783,0.0,0.0026809651474530836,0.0,0.35388739946380704,0.0,0.04289544235924934,0.010723860589812334,0.0,0.0481283422459893,0.0641711229946524,0.8877005347593583,0.0,0.012254901960784314,3.39907826079932,654.0,0.0408,0.03729999999999999,0.0374,4,7.8,440.0,160.0,1600.0,36.0,64.0,5.2,29.0
0.0,0.1627906976744186,0.0,0.011627906976744186,0.0,0.1434108527131783,0.0,0.6821705426356589,0.0,0.0,0.8493408662900188,0.1167608286252354,0.03389830508474576,0.0,0.0031185031185031182,3.5026385480725812,82.0,0.0962,0.0516,0.0531,2,7.5,170.0,89.0,85.0,810.0,1600.0,23.0,19.0
0.0,0.6122448979591836,0.0,0.004081632653061225,0.0,0.3346938775510204,0.0,0.04081632653061224,0.00816326530612245,0.0,0.030075187969924814,0.1879699248120301,0.7819548872180451,0.0,0.01360544217687075,3.254466648323186,1000.0,0.0294,0.0245,0.0266,4,7.0,300.0,100.0,1000.0,22.0,30.0,3.9,24.0
0.0,0.5559845559845561,0.0,0.003861003861003862,0.0,0.3783783783783784,0.0,0.054054054054054064,0.007722007722007724,0.0,0.04444444444444444,0.11111111111111112,0.8444444444444444,0.0,0.016778523489932886,3.2607801887328507,265.0,0.0298,0.025899999999999996,0.027,4,7.3,290.0,120.0,1100.0,32.0,44.0,5.5,28.0
0.0,0.6170798898071626,0.0,0.0027548209366391185,0.0,0.3415977961432507,0.0,0.027548209366391185,0.011019283746556474,0.0,0.03151862464183381,0.07449856733524354,0.8939828080229226,0.0,0.01041666666666667,3.376031447288773,400.0,0.03839999999999999,0.0363,0.0349,4,7.2,450.0,150.0,1500.0,23.0,38.0,4.1,27.0
0.0,0.6541554959785523,0.0,0.002680965147453083,0.0,0.3109919571045576,0.0,0.02680965147453083,0.005361930294906166,0.0,0.030456852791878167,0.07106598984771573,0.898477157360406,0.0,0.009685230024213076,3.416911748511569,630.0,0.041299999999999996,0.0373,0.039400000000000004,4,7.2,490.0,140.0,1700.0,23.0,44.0,4.2,22.0
0.0,0.6052631578947368,0.0,0.0026315789473684214,0.0,0.368421052631579,0.0,0.01842105263157895,0.005263157894736843,0.0,0.019178082191780823,0.07123287671232877,0.9095890410958904,0.0,0.010075566750629724,3.3941560323147604,890.0,0.0397,0.038,0.0365,4,7.2,460.0,170.0,1600.0,16.0,25.0,4.7,24.0
0.0,0.5882352941176471,0.0,0.0029411764705882353,0.0,0.36470588235294116,0.0,0.038235294117647055,0.0058823529411764705,0.0,0.03142857142857143,0.07714285714285715,0.8914285714285715,0.0,0.01066666666666667,3.368044039893654,256.0,0.03749999999999999,0.034,0.034999999999999996,4,7.0,400.0,150.0,1500.0,29.0,40.0,5.1,25.0
0.0,0.06160026782725142,0.0,0.016571811181787747,0.0,0.14630063608972213,0.0,0.7741881486441246,0.0013391362571141612,0.0,0.9121291164003912,0.001141180306488425,0.0867297032931203,0.00026733202637676,0.00017822135091784003,4.5481217598985495,1915.0,1.1221999999999996,0.5974,0.6134000000000001,0,7.8,720.0,1040.0,2500.0,10400.0,19400.0,380.0,10.0
0.0,0.04657687991021324,0.0,0.016835016835016835,0.0,0.1705948372615039,0.0,0.7659932659932659,0.0,0.0,0.8968866038274778,0.012853470437017993,0.09025992573550415,0.0,0.00015335071308081582,4.3122777849500205,70.0,0.6521,0.35640000000000005,0.3501,0,7.6,330.0,730.0,1500.0,6200.0,11000.0,230.0,8.3
0.0,0.55,0.0,0.005000000000000001,0.0,0.37000000000000005,0.0,0.065,0.010000000000000002,0.0,0.03902439024390244,0.15121951219512195,0.8097560975609756,0.0,0.01716738197424893,3.1493092271107814,425.0,0.023299999999999998,0.019999999999999997,0.0205,4,7.3,220.0,91.0,800.0,31.0,27.0,5.6,26.0
0.0,0.5113636363636362,0.0,0.005681818181818182,0.0,0.3977272727272727,0.0,0.0625,0.022727272727272728,0.0,0.04571428571428572,0.17714285714285716,0.7771428571428571,0.0,0.01951219512195122,3.0841657739988353,327.0,0.0205,0.0176,0.017499999999999998,1,7.4,180.0,85.0,650.0,26.0,30.0,3.5,25.0
0.0,0.4774193548387097,0.0,0.0064516129032258064,0.0,0.3870967741935484,0.0,0.1032258064516129,0.025806451612903226,0.0,0.11176470588235293,0.27647058823529413,0.6117647058823529,0.0,0.023923444976076555,3.068121677930137,629.0,0.020900000000000002,0.015500000000000002,0.017,1,7.4,150.0,72.0,500.0,37.0,66.0,4.2,29.0
0.0,0.5311778290993072,0.0,0.004618937644341802,0.0,0.32332563510392615,0.0,0.13163972286374137,0.009237875288683604,0.0,0.15938864628820962,0.06768558951965065,0.7729257641921398,0.0,0.00753295668549906,3.471931926006321,710.0,0.053099999999999994,0.04329999999999999,0.0458,4,7.1,460.0,170.0,1700.0,130.0,260.0,6.5,24.0
0.0,0.5397727272727273,0.0,0.0028409090909090914,0.0,0.39772727272727276,0.0,0.04829545454545455,0.011363636363636366,0.0,0.05056179775280899,0.07303370786516854,0.8764044943820224,0.0,0.010282776349614399,3.374195652521334,370.0,0.03889999999999999,0.035199999999999995,0.0356,4,7.7,380.0,170.0,1500.0,38.0,65.0,5.0,23.0
0.0,0.5533980582524273,0.0,0.004854368932038836,0.0,0.3106796116504855,0.0,0.12135922330097089,0.009708737864077673,0.0,0.12135922330097088,0.16990291262135923,0.7087378640776699,0.0,0.01968503937007874,3.1535160584018223,125.0,0.025400000000000002,0.020599999999999997,0.0206,4,8.0,230.0,79.0,700.0,58.0,88.0,5.8,31.0
0.0,0.2949701619778346,0.0,0.0068201193520886615,0.0,0.2114236999147485,0.0,0.4833759590792839,0.0034100596760443308,0.000859106529209622,0.6314432989690721,0.027491408934707903,0.3402061855670103,0.0,0.001627780792186652,3.850077347382993,1150.0,0.18430000000000002,0.1173,0.1164,0,7.0,690.0,300.0,1900.0,1300.0,2600.0,32.0,20.0
0.0,0.5454545454545454,0.0,0.004132231404958678,0.0,0.2892561983471075,0.0,0.1528925619834711,0.008264462809917356,0.0,0.1996047430830039,0.061264822134387345,0.7391304347826086,0.0,0.006633499170812604,3.5139515500198235,840.0,0.0603,0.0484,0.050600000000000006,4,7.0,530.0,170.0,1800.0,170.0,360.0,7.6,22.0
0.0,0.11869436201780416,0.0,0.01483679525222552,0.0,0.18991097922848665,0.0,0.6706231454005934,0.005934718100890208,0.0011750881316098707,0.7520564042303173,0.099882491186839,0.14688601645123384,0.0,0.0049800796812748994,3.320370959795436,1650.0,0.06024,0.0337,0.03404,2,7.5,82.0,79.0,240.0,520.0,910.0,21.0,16.0
0.0,0.03601532567049808,0.0,0.015900383141762453,0.0,0.15747126436781608,0.0,0.7894636015325671,0.0011494252873563216,0.0014571948998178509,0.9422586520947177,0.006010928961748634,0.050273224043715856,0.0,9.935419771485347e-05,4.493373917983707,2093.0,1.0065,0.522,0.5489999999999999,0,8.1,370.0,981.0,1300.0,9300.0,18000.0,320.0,7.5
0.0,0.6256983240223464,0.0,0.002793296089385475,0.0,0.3240223463687151,0.0,0.036312849162011177,0.0111731843575419,0.0,0.06353591160220995,0.07458563535911604,0.861878453038674,0.0,0.010101010101010102,3.3837808722968328,89.0,0.039599999999999996,0.0358,0.036199999999999996,4,7.6,450.0,140.0,1500.0,29.0,80.0,5.0,24.0
0.0,0.587878787878788,0.0,0.0030303030303030307,0.0,0.35151515151515156,0.0,0.04545454545454546,0.012121212121212123,0.0,0.05044510385756676,0.0830860534124629,0.8664688427299703,0.0,0.008174386920980926,3.3508042568807133,618.0,0.0367,0.032999999999999995,0.0337,4,7.4,390.0,140.0,1400.0,35.0,60.0,4.4,21.0
0.0,0.5392156862745098,0.0,0.004901960784313726,0.0,0.40196078431372556,0.0,0.03431372549019608,0.019607843137254905,0.0,0.019047619047619046,0.14285714285714285,0.8380952380952381,0.0,0.017241379310344827,3.157522617538189,1450.0,0.023200000000000002,0.020399999999999998,0.021,1,7.6,220.0,100.0,850.0,17.0,13.0,3.6,24.0
0.0,0.3954802259887006,0.0,0.011299435028248588,0.0,0.4632768361581921,0.0,0.11864406779661016,0.011299435028248588,0.0,0.1325966850828729,0.19337016574585633,0.6740331491712707,0.0,0.017857142857142856,3.090154176743943,262.0,0.022400000000000003,0.0177,0.0181,4,7.0,140.0,100.0,590.0,49.0,85.0,7.8,27.0
0.0,0.21390374331550802,0.0213903743315508,0.0213903743315508,0.0,0.1390374331550802,0.0,0.6042780748663101,0.0,0.0,0.49748743718592964,0.4522613065326633,0.05025125628140703,0.0,0.017045454545454544,3.1421438388114598,112.0,0.0352,0.0187,0.0199,3,7.3,80.0,32.0,44.0,260.0,350.0,14.0,39.0
0.0,0.3636363636363636,0.0,0.010389610389610388,0.0,0.3844155844155844,0.0,0.2259740259740259,0.015584415584415581,0.0,0.35516372795969775,0.07052896725440806,0.5743073047858942,0.0,0.00761904761904762,3.3980561408597736,315.0,0.0525,0.038500000000000006,0.0397,1,7.3,280.0,180.0,1100.0,200.0,500.0,14.0,24.0
0.0,0.5535055350553506,0.0,0.003690036900369004,0.0,0.42066420664206644,0.0,0.02214022140221402,0.0,0.0,0.01838235294117647,0.09926470588235294,0.8823529411764706,0.0,0.010204081632653059,3.2607063298481536,1350.0,0.029400000000000003,0.0271,0.027200000000000002,4,7.0,300.0,140.0,1160.0,14.0,19.0,3.9,21.0
0.0,0.5306122448979591,0.0,0.00510204081632653,0.0,0.4183673469387755,0.0,0.02551020408163265,0.02040816326530612,0.0,0.02463054187192118,0.13793103448275862,0.8374384236453202,0.0,0.013513513513513509,3.1386184654615903,893.0,0.022200000000000004,0.019600000000000003,0.020300000000000002,1,7.4,210.0,100.0,820.0,11.0,19.0,3.8,21.0
0.0,0.5416666666666667,0.0,0.0041666666666666675,0.0,0.4083333333333334,0.0,0.02916666666666667,0.01666666666666667,0.0,0.0242914979757085,0.13360323886639677,0.8421052631578947,0.0,0.014760147601476016,3.2232537016765686,126.0,0.0271,0.023999999999999997,0.0247,4,7.1,260.0,120.0,1000.0,17.0,23.0,3.6,24.0
0.0,0.6387434554973823,0.0,0.002617801047120419,0.0,0.33507853403141363,0.0,0.018324607329842934,0.005235602094240838,0.0,0.01288659793814433,0.07474226804123711,0.9123711340206185,0.0,0.007334963325183374,3.4138426783588076,1660.0,0.0409,0.0382,0.0388,4,7.1,490.0,156.0,1700.0,15.0,18.0,3.6,21.0
0.0,0.5283018867924529,0.0,0.00628930817610063,0.0,0.3773584905660378,0.0,0.08805031446540881,0.0,0.0,0.08333333333333334,0.20238095238095238,0.7142857142857143,0.0,0.020100502512562814,3.058008764705867,20.7,0.0199,0.015899999999999997,0.0168,4,6.8,170.0,73.0,580.0,32.0,50.0,2.0,26.0
0.0,0.17737296260786195,0.0,0.0023969319271332696,0.0,0.27804410354745923,0.0,0.5417066155321189,0.0004793863854266539,0.0,0.18807339449541285,0.2385321100917431,0.573394495412844,0.0,0.006278449223041909,3.472089873600171,19.8,0.06371,0.04172,0.0436,2,7.2,150.0,140.0,1200.0,520.0,290.0,5.8,26.0
0.0,0.5352112676056339,0.0,0.004694835680751174,0.0,0.3192488262910798,0.0,0.14084507042253522,0.0,0.0,0.09836065573770492,0.2377049180327869,0.6639344262295083,0.0,0.010416666666666666,3.2029876320426824,12.5,0.0288,0.0213,0.024399999999999998,4,6.4,230.0,82.0,780.0,70.0,87.0,4.1,19.0
0.0,0.4824902723735408,0.0,0.0038910505836575876,0.0,0.41245136186770426,0.0,0.08560311284046693,0.01556420233463035,0.0,0.12878787878787878,0.11363636363636363,0.7575757575757576,0.0,0.012987012987012988,3.2425187688647292,726.0,0.030799999999999998,0.0257,0.0264,4,7.2,250.0,130.0,960.0,51.0,120.0,5.0,26.0
0.0,0.18004866180048665,0.0,0.009732360097323601,0.0,0.20437956204379562,0.0,0.5912408759124088,0.014598540145985401,0.002288329519450801,0.8375286041189931,0.06864988558352403,0.09153318077803203,0.0,0.004005340453938585,3.4059183878567345,860.0,0.0749,0.0411,0.0437,0,7.3,150.0,102.0,190.0,560.0,1300.0,15.0,16.0
0.0,0.43086816720257237,0.0,0.006430868167202573,0.0,0.34083601286173637,0.0,0.2090032154340836,0.012861736334405146,0.0,0.2777777777777778,0.08024691358024691,0.6419753086419753,0.0,0.009685230024213077,3.32024217356473,600.0,0.04129999999999999,0.0311,0.0324,4,7.9,270.0,130.0,1000.0,150.0,320.0,6.4,24.0
0.0,0.46006389776357837,0.0,0.0063897763578274775,0.0,0.3130990415335464,0.0,0.207667731629393,0.012779552715654955,0.0,0.2540192926045016,0.08360128617363342,0.6623794212218649,0.0,0.007481296758104737,3.309233224007274,600.0,0.040100000000000004,0.031299999999999994,0.031100000000000003,4,7.6,290.0,120.0,990.0,150.0,279.0,6.4,20.0
0.0,0.4181184668989547,0.0,0.010452961672473867,0.0,0.3693379790940767,0.0,0.18118466898954702,0.020905923344947733,0.0,0.2781456953642384,0.09933774834437085,0.6225165562913907,0.0,0.013020833333333332,3.289294165431189,479.0,0.038400000000000004,0.0287,0.0302,1,7.0,240.0,130.0,900.0,120.0,300.0,12.0,30.0
0.0,0.3313885647607934,0.0,0.004667444574095682,0.0,0.24037339556592763,0.0,0.41656942823803966,0.0070011668611435224,0.0,0.6261682242990655,0.03271028037383178,0.34112149532710284,0.0,0.0037764350453172208,3.715749073313366,1500.0,0.1324,0.08570000000000001,0.0856,2,7.0,570.0,250.0,1400.0,820.0,1900.0,17.0,28.0
0.0,0.47107438016528924,0.0,0.004132231404958678,0.0,0.33884297520661155,0.0,0.1611570247933884,0.02479338842975206,0.0,0.2222222222222222,0.10317460317460317,0.6746031746031746,0.0,0.01282051282051282,3.2204814207844117,561.0,0.031200000000000002,0.024200000000000003,0.0252,1,7.8,230.0,100.0,820.0,90.0,200.0,5.5,22.0
0.0,0.46296296296296297,0.0,0.004629629629629629,0.0,0.35185185185185186,0.0,0.15277777777777776,0.027777777777777773,0.0,0.23555555555555557,0.12444444444444444,0.64,0.0,0.014184397163120569,3.169708341790039,804.0,0.0282,0.0216,0.0225,1,7.7,200.0,92.0,690.0,76.0,190.0,5.6,22.0
0.0,0.41739130434782606,0.0,0.005797101449275362,0.0,0.30724637681159417,0.0,0.25217391304347825,0.017391304347826084,0.0,0.3651685393258427,0.07303370786516854,0.5617977528089888,0.0,0.008385744234800839,3.354369609870915,570.0,0.0477,0.0345,0.0356,1,8.0,290.0,130.0,960.0,200.0,460.0,6.6,24.0
0.0,0.1752988047808765,0.0,0.011952191235059759,0.0,0.2151394422310757,0.0,0.5896414342629482,0.00796812749003984,0.0011569610489780178,0.759737755495565,0.12340917855765524,0.11569610489780179,0.0,0.00447127207690588,3.1959369116177307,866.0,0.04473,0.0251,0.025929999999999998,2,7.6,87.0,65.0,140.0,340.0,700.0,11.0,15.0
0.0,0.558659217877095,0.0,0.00558659217877095,0.0,0.37988826815642457,0.0,0.0335195530726257,0.0223463687150838,0.0,0.034482758620689655,0.16091954022988506,0.8045977011494254,0.0,0.019900497512437807,3.0864606678417084,503.0,0.020100000000000003,0.0179,0.0174,1,7.5,200.0,82.0,670.0,14.0,20.0,2.8,27.0
0.0,0.4966442953020134,0.0,0.006711409395973155,0.0,0.4161073825503356,0.0,0.040268456375838924,0.040268456375838924,0.0,0.03225806451612903,0.1935483870967742,0.7741935483870968,0.0,0.02259887005649717,3.03637287356947,500.0,0.017700000000000004,0.0149,0.0155,1,7.6,150.0,75.0,580.0,14.0,18.0,3.2,25.0
0.0,0.5194805194805195,0.0,0.006493506493506494,0.0,0.38961038961038963,0.0,0.045454545454545456,0.03896103896103896,0.0,0.039735099337748346,0.19205298013245034,0.7682119205298014,0.0,0.02793296089385475,3.030984224097497,542.0,0.0179,0.015399999999999999,0.015099999999999999,1,8.1,160.0,74.0,560.0,15.0,20.0,3.2,28.0
0.0,0.5228758169934641,0.0,0.006535947712418301,0.0,0.3921568627450981,0.0,0.0392156862745098,0.0392156862745098,0.0,0.033112582781456956,0.19867549668874174,0.7682119205298014,0.0,0.022598870056497175,3.029618557938875,570.0,0.0177,0.0153,0.015099999999999999,1,8.0,160.0,72.0,560.0,14.0,19.0,3.0,25.0
0.0,0.5263157894736843,0.0,0.006578947368421054,0.0,0.3815789473684211,0.0,0.05921052631578948,0.026315789473684216,0.0,0.037735849056603765,0.20754716981132074,0.7547169811320754,0.0,0.021739130434782605,3.0464935254845145,600.0,0.018400000000000003,0.015199999999999998,0.0159,1,7.7,160.0,71.0,580.0,21.0,20.0,2.8,27.0
0.0,0.3106060606060606,0.0,0.017045454545454544,0.0,0.3106060606060606,0.0,0.3617424242424242,0.0,0.0,0.2003454231433506,0.046632124352331605,0.7530224525043178,0.0,0.010914051841746248,3.574623727513447,1490.0,0.0733,0.05280000000000001,0.0579,4,7.2,330.0,200.0,2100.0,440.0,410.0,34.0,49.0
0.0,0.4176706827309236,0.0,0.008032128514056224,0.0,0.3132530120481927,0.0,0.24497991967871485,0.01606425702811245,0.0,0.35019455252918286,0.11284046692607003,0.5369649805447471,0.0,0.01149425287356322,3.221726999809046,417.0,0.0348,0.024900000000000002,0.0257,1,7.4,210.0,96.0,660.0,140.0,320.0,9.0,27.0
0.0,0.4111111111111111,0.0,0.016666666666666663,0.0,0.4111111111111111,0.0,0.13888888888888887,0.02222222222222222,0.0,0.23595505617977527,0.16853932584269662,0.5955056179775281,0.0,0.021367521367521368,3.083211666919884,385.0,0.0234,0.018000000000000002,0.0178,1,7.5,150.0,89.0,510.0,58.0,150.0,12.0,29.0
0.0,0.48372093023255813,0.0,0.004651162790697675,0.0,0.3627906976744186,0.0,0.13023255813953488,0.0186046511627907,0.0,0.23981900452488686,0.13574660633484162,0.6244343891402714,0.0,0.014388489208633093,3.1656542040058167,670.0,0.027800000000000002,0.0215,0.0221,1,7.4,210.0,96.0,660.0,65.0,190.0,4.5,26.0
0.0,0.449438202247191,0.0,0.011235955056179777,0.0,0.3707865168539326,0.0,0.16853932584269662,0.0,0.0,0.27567567567567564,0.17297297297297295,0.5513513513513513,0.0,0.020491803278688523,3.089147118447295,465.0,0.0244,0.0178,0.018500000000000003,4,7.9,160.0,80.0,490.0,70.0,180.0,6.6,30.0
0.0,0.42384105960264906,0.0,0.013245033112582783,0.0,0.3841059602649007,0.0,0.152317880794702,0.026490066225165566,0.0,0.2745098039215686,0.21568627450980393,0.5098039215686274,0.0,0.024154589371980673,3.021710883617978,386.0,0.020700000000000003,0.015099999999999999,0.0153,1,7.9,130.0,70.0,380.0,52.0,150.0,6.8,31.0
0.0,0.17821782178217824,0.0,0.0099009900990099,0.0,0.21122112211221122,0.0,0.5874587458745875,0.013201320132013201,0.0,0.78839590443686,0.10238907849829351,0.10921501706484642,0.0,0.003838771593090212,3.2539559262217153,993.0,0.052099999999999994,0.0303,0.0293,2,7.4,110.0,77.0,150.0,410.0,820.0,12.0,15.0
0.0,0.5185185185185185,0.0,0.00617283950617284,0.0,0.3703703703703704,0.0,0.0925925925925926,0.01234567901234568,0.0,0.14110429447852763,0.06134969325153375,0.7975460122699387,0.0,0.010582010582010585,3.0332638815670907,475.0,0.018899999999999997,0.0162,0.0163,4,7.3,170.0,74.0,630.0,34.0,81.0,2.8,10.0
0.0,0.33691756272401435,0.0,0.007168458781362007,0.0,0.25089605734767023,0.0,0.39068100358422936,0.014336917562724014,0.0,0.5209790209790209,0.10839160839160839,0.3706293706293706,0.0,0.00925925925925926,3.258467865259208,600.0,0.043199999999999995,0.0279,0.0286,1,7.9,190.0,85.0,510.0,250.0,530.0,6.5,27.0
0.0,0.10152284263959392,0.0,0.017766497461928935,0.0,0.2131979695431472,0.0,0.6624365482233503,0.005076142131979696,0.0,0.8040712468193385,0.08396946564885496,0.11195928753180662,0.0,0.007072135785007073,3.3801448619656402,1100.0,0.0707,0.0394,0.0393,2,7.7,82.0,102.0,210.0,600.0,1120.0,29.0,31.0
0.0,0.30487804878048785,0.0,0.009146341463414635,0.0,0.25000000000000006,0.0,0.4237804878048781,0.012195121951219514,0.0,0.5743440233236152,0.09329446064139943,0.3323615160349855,0.0,0.00950570342205323,3.32992633921084,246.0,0.05260000000000001,0.032799999999999996,0.0343,2,7.8,200.0,100.0,550.0,320.0,700.0,9.8,31.0
0.0,0.37414965986394555,0.0,0.006802721088435375,0.0,0.27891156462585037,0.0,0.32653061224489793,0.01360544217687075,0.0,0.580327868852459,0.11147540983606558,0.3081967213114754,0.0,0.010893246187363833,3.2766044774936787,420.0,0.0459,0.0294,0.0305,1,7.3,220.0,100.0,450.0,220.0,630.0,9.6,28.0
0.0,0.41964285714285715,0.0,0.004464285714285715,0.0,0.3660714285714286,0.0,0.19196428571428573,0.01785714285714286,0.0,0.28138528138528135,0.13852813852813853,0.5800865800865801,0.0,0.01324503311258278,3.180674735733077,525.0,0.030200000000000005,0.0224,0.023100000000000002,1,7.6,190.0,99.0,640.0,100.0,230.0,5.5,27.0
0.0,0.4347826086956522,0.0,0.004830917874396137,0.0,0.318840579710145,0.0,0.23188405797101452,0.009661835748792274,0.0,0.33663366336633666,0.14851485148514854,0.5148514851485149,0.0,0.014184397163120569,3.1286555367042603,500.0,0.0282,0.020699999999999996,0.0202,4,7.4,180.0,80.0,500.0,110.0,240.0,5.5,26.0
0.0,0.11697247706422018,0.0,0.014580602883355175,0.0,0.13794233289646132,0.0,0.7291939711664481,0.001310615989515072,0.0,0.8748947634281865,0.006566762081158444,0.11853847449065501,0.0,0.00027492668621700877,4.54560506398428,1170.0,1.0912,0.6104,0.5939,0,7.2,1400.0,1000.0,3300.0,10000.0,18000.0,340.0,16.0
0.0,0.08482261936516404,0.0,0.01600426780474793,0.0,0.1579087756735129,0.0,0.7401973859695918,0.0010669511869831954,0.0,0.9073802541544478,0.010019550342130989,0.0826001955034213,0.0,0.0004156275976724854,4.362601878008305,902.0,0.7218,0.37490000000000007,0.4092,0,7.4,630.0,710.0,1600.0,6300.0,13000.0,230.0,16.0
0.0,0.106544901065449,0.0,0.0167427701674277,0.0,0.14916286149162858,0.0,0.7275494672754946,0.0,0.0,0.8401253918495297,0.06583072100313478,0.09404388714733541,0.0,0.002533783783783784,3.588326923174969,850.0,0.11839999999999999,0.06570000000000001,0.06380000000000001,2,7.7,140.0,120.0,290.0,1100.0,1900.0,42.0,17.0
0.0,0.13097345132743365,0.0,0.01592920353982301,0.0,0.13805309734513274,0.0,0.7150442477876107,0.0,0.0,0.8426294820717132,0.06175298804780877,0.09561752988047809,0.0,0.0020639834881320948,3.4978500816953773,632.0,0.09690000000000001,0.056499999999999995,0.050199999999999995,2,9.0,150.0,95.0,230.0,930.0,1500.0,35.0,11.0
0.0,0.2214435879467414,0.0,0.004204625087596355,0.0,0.19060967063770143,0.0,0.5809390329362297,0.002803083391730904,0.0,0.877997179125529,0.02750352609308886,0.09449929478138225,0.0,0.002010454362685967,3.9165855330023494,400.0,0.2487,0.14270000000000002,0.14179999999999998,2,7.5,630.0,330.0,640.0,1900.0,4400.0,22.0,31.0
0.0,0.07774110744407774,0.0,0.019068573524019066,0.0,0.14594792812614596,0.0,0.7557755775577558,0.0014668133480014668,0.0,0.8985608985608986,0.012987012987012988,0.08845208845208846,0.0,0.000582977069568597,4.2148424683660854,901.0,0.5146,0.2727,0.2849,0,7.6,420.0,480.0,1200.0,4700.0,9000.0,200.0,16.0
0.0,0.18755439512619668,0.0,0.009573542210617928,0.0,0.13664055700609223,0.0,0.6640557006092255,0.002175805047867711,0.0,0.8762819114117391,0.008073314422867118,0.11564477416539384,0.0,0.00036733194563487204,4.427399767444625,620.0,0.8167,0.4596,0.4583,0,7.5,1700.0,750.0,2500.0,6900.0,14000.0,170.0,19.0
0.0,0.496551724137931,0.0,0.003448275862068966,0.0,0.36551724137931035,0.0,0.1206896551724138,0.013793103448275864,0.0,0.2733333333333334,0.08666666666666667,0.64,0.0,0.010781671159029652,3.2841007477515984,514.0,0.037099999999999994,0.028999999999999998,0.03,4,8.0,290.0,130.0,920.0,81.0,290.0,2.8,24.0
0.0,0.453004622496148,0.0,0.001540832049306626,0.0,0.30508474576271194,0.0,0.22804314329738065,0.012326656394453009,0.0,0.5022222222222222,0.03555555555555555,0.46222222222222215,0.0,0.004338394793926247,3.611924449136565,779.0,0.0922,0.06489999999999999,0.0675,4,7.9,590.0,240.0,1500.0,340.0,1200.0,4.4,24.0
0.0,0.06951954271589679,0.0,0.015448787270199287,0.0,0.15634172717441677,0.0,0.7574540398578711,0.001235902981615943,0.0016233766233766235,0.8958087367178277,0.00487012987012987,0.09769775678866588,0.00016410929679166328,0.00016410929679166328,4.589282669636752,1070.0,1.2187,0.6473000000000001,0.6776,0,7.2,880.0,1200.0,3100.0,11000.0,21000.0,380.0,9.4
0.0,0.011996001332889037,0.0,0.018660446517827393,0.0,0.076974341886038,0.0,0.8887037654115295,0.003665444851716095,0.0014937759336099584,0.9088796680497925,0.0013278008298755186,0.08829875518672198,8.707767328456985e-05,0.0,4.551510247273166,800.0,1.1483999999999999,0.6002,0.6025,0,7.3,140.0,550.0,2500.0,12000.0,19000.0,430.0,2.9
0.0,0.012177795818956769,0.0,0.016845950882890197,0.0,0.12421351735335903,0.0,0.8451390298355997,0.0016237061091942358,0.0019462826002335537,0.8945114830673413,0.00038925652004671076,0.10315297781237835,0.00010568590150073981,0.00010568590150073981,4.473410071966421,573.0,0.9461999999999999,0.4927,0.5138,0,7.5,120.0,730.0,2500.0,9400.0,16000.0,320.0,5.4
0.0,0.4094827586206897,0.002155172413793104,0.011853448275862072,0.0,0.1681034482758621,0.0,0.40409482758620696,0.004310344827586208,0.0010416666666666667,0.45,0.03229166666666666,0.5166666666666666,0.0007283321194464674,0.0021849963583394022,3.7793494141979793,2707.0,0.13730000000000003,0.09279999999999998,0.096,0,7.2,762.0,189.0,2380.0,860.0,1530.0,43.4,18.8
0.0,0.5637583892617449,0.0,0.006711409395973155,0.0,0.28187919463087246,0.0,0.1476510067114094,0.0,0.0,0.1830065359477124,0.2026143790849673,0.6143790849673202,0.0,0.025380710659898473,3.022139735482265,145.0,0.019700000000000002,0.0149,0.015300000000000001,4,7.3,170.0,52.0,450.0,50.0,100.0,3.1,28.0
0.0,0.2745098039215686,0.0,0.01176470588235294,0.0,0.20392156862745095,0.0,0.5098039215686274,0.0,0.0,0.3333333333333333,0.625,0.041666666666666664,0.0,0.0041841004184100415,3.287778223664922,10.0,0.0478,0.025500000000000002,0.0288,2,6.7,140.0,63.0,53.0,300.0,340.0,12.0,12.0
0.0,0.08097808828199428,0.0,0.01794220387424579,0.0,0.12289615751032072,0.0,0.7772308669418863,0.0009526833915528739,0.0,0.8900974025974027,0.006331168831168831,0.10357142857142856,0.00026091494172899633,8.697164724299878e-05,4.5614389915178215,500.0,1.1498,0.6298,0.616,0,6.1,1000.0,920.0,3000.0,11000.0,19000.0,430.0,7.5
0.0,0.06508279337652988,0.0,0.015838732901367888,0.0,0.14600431965442764,0.0,0.7719222462203024,0.0011519078473722104,0.0,0.8069637883008357,0.008356545961002786,0.18467966573816155,0.00031421838177533385,7.855459544383346e-05,4.62518692583428,815.0,1.2730000000000001,0.6945,0.718,0,6.0,880.0,1200.0,6200.0,12000.0,20000.0,420.0,7.1
0.0,0.06900938145969153,0.0,0.019080934965813326,0.0,0.1326124980124026,0.0,0.7786611543965655,0.0006360311655271108,0.0,0.8907744523295278,0.004011107682813946,0.1052144399876581,0.00016954899966090201,0.0,4.5744003665365796,1023.0,1.1796,0.6289,0.6482000000000001,0,6.1,850.0,990.0,3200.0,11000.0,20000.0,460.0,1.8
0.0,0.06275761201967822,0.0,0.017151974471479856,0.0,0.14625714665602976,0.0,0.7730355005983246,0.000797766254487435,0.0014373448320919903,0.9094472755782046,0.005226708480334509,0.08388867110936887,0.00021323477148340323,0.00014215651432226886,4.646382153113737,1170.0,1.4068999999999998,0.7521000000000001,0.7653,0,6.8,920.0,1300.0,3000.0,13000.0,24000.0,490.0,8.9
0.0,0.06421366671402187,0.0,0.017189941753089924,0.0,0.15598806648671684,0.0,0.7617559312402329,0.0008523938059383433,0.0018198362147406734,0.904068633822956,0.00519953204211621,0.08891199792018718,0.00029372888823615806,0.00014686444411807903,4.63750964856252,960.0,1.3618,0.7039000000000001,0.7693,0,7.0,880.0,1300.0,3200.0,12000.0,24000.0,460.0,9.2
0.0,0.10857142857142857,0.0,0.014693877551020407,0.0,0.12489795918367347,0.0,0.7510204081632653,0.0008163265306122449,0.0017043033659991478,0.8956114188325521,0.014912654452492543,0.08777162334895611,0.00022675736961451248,0.00045351473922902497,4.1458545363843,267.0,0.441,0.245,0.23470000000000002,0,7.2,530.0,370.0,980.0,4200.0,7400.0,140.0,9.3
0.0,0.06692856103593772,0.0,0.01862359959260876,0.0,0.1350210970464135,0.0,0.778262767350502,0.0011639749745380474,0.0019209220425804383,0.8791419881543141,0.006242996638386425,0.11269409316471907,0.0002484472049689441,0.0001656314699792961,4.580826322630182,610.0,1.2074999999999998,0.6873,0.6247,0,7.0,900.0,1100.0,3300.0,12000.0,19000.0,490.0,9.3
0.0,0.06760240618733887,0.0,0.01876253222572329,0.0,0.1452305929533085,0.0,0.7672586651389286,0.0011458034947006588,0.0015534529021324671,0.8994492303346985,0.00550769665301511,0.09348962011015392,0.0002309468822170901,0.00015396458814472675,4.614437491343356,420.0,1.2989999999999997,0.6982,0.7081000000000001,0,7.0,920.0,1200.0,3100.0,12000.0,22000.0,500.0,9.7
0.0,0.34615384615384615,0.0038461538461538464,0.0038461538461538464,0.0,0.06153846153846154,0.0,0.5846153846153846,0.0,0.002188183807439825,0.8643326039387308,0.10722100656455141,0.026258205689277895,0.0,0.0023094688221709007,3.4594235658460923,45.0,0.08660000000000001,0.052,0.045700000000000005,0,6.8,360.0,40.0,53.0,700.0,1400.0,9.6,14.0
0.0,0.0605874211902199,0.0,0.016453944333384592,0.0,0.1685375980316777,0.0,0.7534983853606028,0.0009226510841150238,0.001625055399615896,0.8961441867336386,0.0076820800709115076,0.09454867779583394,0.0,0.00016385384237260366,4.58876542458547,1040.0,1.2206,0.6503,0.6769000000000001,0,6.3,770.0,1300.0,3000.0,11000.0,21000.0,410.0,11.0
0.0,0.06866687287349212,0.00030931023816888336,0.015465511908444168,0.0,0.15651098051345497,0.0,0.7581193937519332,0.00092793071450665,0.0012328556017876407,0.8907381722915703,0.006010171058714747,0.10201880104792725,0.00016812373907195696,0.00016812373907195696,4.577641139289655,628.0,1.1896,0.6466000000000001,0.6489,0,7.2,870.0,1200.0,3100.0,11000.0,20000.0,380.0,9.7
0.0,0.06273885350318471,0.002547770700636943,0.02372611464968153,0.0,0.20127388535031848,0.00031847133757961787,0.7087579617834395,0.0006369426751592357,0.0,0.897404010570496,0.00310896937665164,0.09948702005285248,0.0,0.0,4.566498781730156,1750.0,1.1553000000000002,0.628,0.6433,0,5.9,770.0,1500.0,3000.0,10000.0,20000.0,570.0,1.2
0.0,0.0943586299529886,0.0,0.01762928139691068,0.0,0.1413700470114171,0.0,0.7466420416386838,0.0,0.001364954785872718,0.8855144173349259,0.004265483705852244,0.10885514417334925,0.00018520233354940276,9.260116677470138e-05,4.537711977291992,1179.0,1.0798999999999999,0.5955999999999999,0.5861,0,7.3,1100.0,1000.0,3000.0,10000.0,18000.0,400.0,7.4
0.0,0.6486486486486487,0.0,0.002457002457002457,0.0,0.32432432432432434,0.0,0.019656019656019656,0.004914004914004914,0.0097323600973236,0.024330900243309,0.0559610705596107,0.9099756690997567,0.0,0.011441647597254004,3.4436059993817763,2920.0,0.0437,0.0407,0.041100000000000005,0,7.2,530.0,160.0,1800.0,18.0,36.0,3.1,33.0
0.0,0.11368421052631579,0.0,0.014736842105263158,0.0,0.13052631578947368,0.0,0.7410526315789474,0.0,0.0,0.811088295687885,0.09856262833675564,0.09034907597535935,0.0,0.0022624434389140274,3.4675445622467964,96.0,0.08839999999999999,0.0475,0.0487,2,7.3,110.0,75.0,210.0,810.0,1400.0,29.0,9.1
0.0,0.13039760581445062,0.0,0.010474561778537837,0.0,0.12013681060282172,0.0,0.7377084224027363,0.0012825994014536125,0.0,0.8901530823334712,0.00889532478278858,0.10095159288374017,0.0,0.00023038820412394888,4.445881230581373,780.0,0.8681,0.4678,0.48340000000000005,0,6.9,1200.0,672.0,2300.0,7800.0,15000.0,190.0,10.0
0.0,0.10989010989010987,0.0,0.012250045036930281,0.0,0.1491623130967393,0.0,0.7276166456494324,0.001080886326787966,0.0,0.8906079359301056,0.008918820531488897,0.10047324353840553,0.0,9.952229299363059e-05,4.506571340457103,780.0,1.0048,0.5551,0.5494,0,6.8,1200.0,987.0,2600.0,9100.0,17000.0,260.0,8.7
0.0,0.3825025432349949,0.006103763987792471,0.012207527975584942,0.0,0.13428280773143436,0.0,0.4608341810783316,0.004069175991861648,0.0009794319294809011,0.5288932419196866,0.01762977473065622,0.4524975514201763,0.0006591957811470007,0.0013183915622940014,3.799781871656181,2777.0,0.1517,0.09830000000000001,0.1021,0,8.0,753.0,161.0,2210.0,1040.0,1910.0,47.6,11.6
0.0,0.6811881188118812,0.0,0.0039603960396039604,0.0,0.14653465346534655,0.0,0.16435643564356436,0.0039603960396039604,0.0,0.16334661354581675,0.09163346613545817,0.7450199203187251,0.0,0.004893964110929852,3.5289819037997217,1248.0,0.06130000000000001,0.050499999999999996,0.0502,4,7.1,690.0,90.0,1800.0,190.0,290.0,9.4,19.0
0.0,0.7349632518374081,0.0,0.0024998750062496873,0.0,0.24998750062496874,4.999750012499374e-05,0.0074996250187490615,0.004999750012499375,0.0,0.007731958762886597,0.07989690721649484,0.9123711340206185,0.0,0.007211365111415589,3.425403814763095,1996.0,0.041601000000000006,0.040002,0.0388,4,7.4,590.0,122.0,1700.0,7.9,12.0,3.3,20.0
0.0,0.23970037453183524,0.014981273408239702,0.007490636704119851,0.0,0.21722846441947566,0.0,0.5205992509363296,0.0,0.0,0.7482014388489209,0.1223021582733813,0.12949640287769784,0.0,0.006423982869379014,3.223702318083115,340.0,0.046700000000000005,0.026699999999999998,0.0278,2,7.4,130.0,70.0,170.0,320.0,740.0,6.1,16.0
0.0,0.20253164556962025,0.0,0.01582278481012658,0.0,0.10759493670886074,0.0,0.6740506329113923,0.0,0.0,0.7749999999999999,0.16249999999999998,0.0625,0.0,0.0017301038062283738,3.296536549855765,139.0,0.057800000000000004,0.0316,0.032,2,7.3,130.0,41.0,100.0,490.0,880.0,20.0,7.9
0.0,0.1223021582733813,0.0,0.010791366906474819,0.0,0.14628297362110312,0.0,0.7206235011990407,0.0,0.0,0.8913857677902622,0.00873907615480649,0.09987515605493133,0.0,0.0013468013468013467,3.676752715367404,553.0,0.14850000000000002,0.0834,0.0801,2,7.1,203.0,148.0,388.0,1380.0,2530.0,36.0,13.0
0.0,0.4206896551724138,0.0,0.006896551724137931,0.0,0.19310344827586207,0.0,0.36551724137931035,0.013793103448275862,0.0,0.4444444444444445,0.09764309764309764,0.45791245791245794,0.0,0.006960556844547562,3.2802659210571514,1205.0,0.043100000000000006,0.029,0.029699999999999997,4,7.6,246.0,69.2,656.0,243.0,468.0,7.86,17.4
0.0,0.4,0.0,0.005714285714285715,0.0,0.13714285714285715,0.0,0.44571428571428573,0.01142857142857143,0.0,0.5284090909090908,0.2556818181818181,0.21590909090909088,0.0,0.010452961672473867,3.068790446347999,600.0,0.0287,0.017499999999999998,0.0176,2,7.5,140.0,29.0,180.0,180.0,330.0,5.4,20.0
0.0,0.15491866769945775,0.0,0.013942680092951198,0.0,0.17350890782339268,0.0,0.6560805577072036,0.0015491866769945777,0.0,0.7988748241912799,0.011251758087201124,0.18987341772151894,0.0,0.00042265426880811504,3.910092885329255,1357.0,0.23659999999999998,0.12910000000000002,0.14220000000000002,2,7.9,398.0,272.0,1290.0,1940.0,4010.0,69.3,5.67
0.0,0.4772727272727273,0.0,0.005681818181818183,0.0,0.09090909090909093,0.0,0.41477272727272735,0.011363636363636366,0.0,0.49397590361445787,0.3132530120481928,0.1927710843373494,0.0,0.014336917562724013,3.0661746601626945,617.0,0.027900000000000005,0.017599999999999998,0.0166,2,7.7,167.0,20.5,156.0,167.0,292.0,3.77,22.8
0.0,0.37656903765690375,0.0,0.008368200836820085,0.0,0.13389121338912136,0.0,0.47280334728033474,0.008368200836820085,0.0,0.5564516129032258,0.20161290322580644,0.24193548387096772,0.0,0.007537688442211054,3.2044744936556295,640.0,0.0398,0.023899999999999998,0.024800000000000003,2,7.2,180.0,39.0,290.0,260.0,490.0,7.5,21.0
0.0,0.2281368821292776,0.0,0.011406844106463879,0.0,0.1596958174904943,0.0,0.5931558935361217,0.007604562737642586,0.0011843663639952626,0.7106198183971575,0.1381760757994473,0.15001973943939992,0.0,0.006691947356680794,3.2062267570083787,120.0,0.04483,0.026299999999999997,0.02533,2,7.4,120.0,50.0,180.0,360.0,640.0,11.0,19.0
0.0,0.163265306122449,0.0,0.012755102040816327,0.0,0.14285714285714285,0.0,0.6760204081632654,0.005102040816326531,0.0,0.7888040712468193,0.07888040712468193,0.13231552162849872,0.0,0.0028571428571428563,3.3796041625015287,335.0,0.07000000000000002,0.0392,0.0393,2,7.5,130.0,67.0,250.0,610.0,1100.0,18.0,15.0
0.0,0.22520107238605896,0.0,0.005361930294906166,0.0,0.13404825737265416,0.0,0.6300268096514745,0.005361930294906166,0.0009629272989889264,0.7462686567164178,0.20462205103514686,0.04814636494944632,0.0,0.006989097008666481,3.4013365293300373,8.7,0.07153999999999999,0.0373,0.04154,2,7.0,170.0,60.0,96.0,540.0,1100.0,6.6,28.0
0.0,0.6827956989247312,0.0,0.002688172043010753,0.0,0.2903225806451613,0.0,0.01881720430107527,0.005376344086021506,0.0,0.015665796344647518,0.007832898172323759,0.9765013054830288,0.0,0.0,3.39969057385627,700.0,0.0386,0.0372,0.0383,4,6.9,510.0,130.0,1800.0,17.0,20.0,4.3,0.5
0.0,0.07679277244494637,0.0011293054771315642,0.012987012987012988,0.0,0.14455110107284022,0.0,0.764539808018069,0.0,0.0,0.8348164627363738,0.08731924360400443,0.0778642936596218,0.0,0.00030275507114744176,4.028208579270445,33.0,0.3303,0.17709999999999998,0.17980000000000002,0,6.5,270.0,310.0,670.0,3100.0,5300.0,91.0,7.6
0.0,0.7076923076923077,0.0,0.002564102564102564,0.0,0.2717948717948718,0.0,0.01282051282051282,0.005128205128205128,0.0,0.010416666666666666,0.06770833333333333,0.9218749999999999,0.0,0.004914004914004914,3.4149578467219013,240.0,0.0407,0.039,0.038400000000000004,4,7.3,554.0,130.0,1700.0,11.9,14.5,2.91,13.2
0.0,0.5714285714285715,0.0,0.005714285714285715,0.0,0.3542857142857143,0.0,0.05714285714285715,0.01142857142857143,0.0,0.0273224043715847,0.1092896174863388,0.8633879781420766,0.0,0.010050251256281407,3.0887205569587444,570.0,0.0199,0.017499999999999998,0.0183,4,7.7,200.0,76.0,760.0,22.0,18.0,2.7,14.0
0.0,0.3431372549019608,0.00980392156862745,0.00980392156862745,0.0,0.14705882352941177,0.0,0.49019607843137253,0.0,0.0,0.640909090909091,0.22272727272727275,0.13636363636363638,0.0,0.0027855153203342614,3.133762480538305,47.0,0.03590000000000001,0.0204,0.022,2,7.9,140.0,36.0,140.0,230.0,500.0,8.0,5.6
0.0,0.6712962962962963,0.0,0.0023148148148148147,0.0,0.3055555555555555,0.0,0.016203703703703703,0.004629629629629629,0.0,0.02304147465437788,0.06451612903225806,0.9124423963133641,0.0,0.008695652173913044,3.464073698479374,360.0,0.046,0.0432,0.0434,4,6.8,580.0,160.0,1900.0,16.0,35.0,3.4,27.0
0.0,0.7557603686635944,0.0,0.0,0.0,0.23041474654377878,0.0,0.013824884792626724,0.0,0.0,0.013274336283185839,0.15486725663716813,0.831858407079646,0.0,0.00819672131147541,3.188768819569463,420.0,0.024399999999999998,0.021700000000000004,0.022600000000000002,4,7.3,330.0,62.0,900.0,7.3,11.0,1.5,14.0
0.0,0.15197568389057753,0.0,0.00911854103343465,0.0,0.16413373860182373,0.0,0.6747720364741642,0.0,0.0,0.8385093167701864,0.11801242236024845,0.043478260869565216,0.0,0.0033670033670033673,3.2920493556050427,155.0,0.059399999999999994,0.0329,0.0322,2,7.7,101.0,65.0,68.0,512.0,960.0,9.9,10.0
0.0,0.23129251700680273,0.0,0.006802721088435374,0.0,0.2040816326530612,0.0,0.5578231292517006,0.0,0.0021231422505307855,0.7367303609341825,0.12951167728237792,0.1316348195329087,0.0,0.0038071065989847713,3.450046559741287,150.0,0.0788,0.0441,0.0471,0,7.2,206.0,110.0,298.0,567.0,1230.0,11.5,21.0
0.0,0.3050847457627119,0.0,0.011299435028248588,0.0,0.327683615819209,0.0,0.3446327683615819,0.011299435028248588,0.0,0.45945945945945943,0.09729729729729727,0.4432432432432432,0.0,0.011235955056179773,3.0650582110202884,248.0,0.0267,0.0177,0.018500000000000003,4,8.1,110.0,70.0,390.0,140.0,300.0,6.6,18.0
0.0,0.5174129353233832,0.0,0.0049751243781094535,0.0,0.34825870646766177,0.0,0.11940298507462688,0.009950248756218907,0.0,0.17209302325581396,0.12093023255813953,0.7069767441860466,0.0,0.011764705882352941,3.1489871189686616,464.0,0.0255,0.020099999999999996,0.0215,4,7.3,210.0,85.0,730.0,55.0,130.0,3.7,21.0
0.0,0.06947444204463643,0.0,0.013678905687544997,0.0,0.14182865370770337,0.0,0.7742980561555076,0.0007199424046076315,0.0017525411847178409,0.8971258324570628,0.004381352961794602,0.09674027339642481,0.0002883783523983466,0.0002883783523983466,4.518788657411412,2035.0,1.0403,0.5556,0.5706,0,7.4,760.0,940.0,2600.0,9700.0,17800.0,290.0,19.0
0.0,0.3828125,0.0,0.003906250000000001,0.0,0.2578125,0.0,0.34765625,0.007812500000000002,0.0,0.711111111111111,0.0962962962962963,0.1925925925925926,0.0,0.00950118764845606,3.210269521794506,1170.0,0.04209999999999999,0.025599999999999998,0.027,2,7.6,197.0,80.9,252.0,206.0,684.0,3.81,23.6
0.0,0.01142857142857143,0.0,0.01,0.0,0.01142857142857143,0.0,0.9671428571428572,0.0,0.0,0.8611940298507462,0.13582089552238805,0.0029850746268656717,0.0,0.00219941348973607,3.6282699988286926,1370.0,0.1364,0.06999999999999999,0.067,2,8.0,18.0,10.0,13.0,1560.0,2050.0,26.0,17.0
0.0,0.012558869701726847,0.0,0.0062794348508634235,0.0,0.012558869701726847,0.0,0.968602825745683,0.0,0.0,0.8323076923076923,0.16153846153846155,0.006153846153846154,0.0,0.0039001560062402493,3.6106590134853183,1011.0,0.1282,0.06369999999999999,0.065,2,7.7,15.0,8.8,19.0,1420.0,1920.0,15.0,32.0
0.0,0.10227272727272727,0.0,0.011363636363636364,0.0,0.125,0.0,0.7613636363636364,0.0,0.0,0.8666666666666667,0.11111111111111112,0.022222222222222227,0.0,0.005952380952380953,3.037616310877311,260.0,0.0336,0.0176,0.018,2,8.3,36.0,26.0,16.0,308.0,555.0,6.2,13.0
0.0,0.08888888888888888,0.0,0.01111111111111111,0.0,0.1111111111111111,0.0,0.7888888888888889,0.0,0.0,0.8432432432432433,0.14594594594594595,0.010810810810810811,0.0,0.00574712643678161,3.059192765313547,337.0,0.0348,0.018000000000000002,0.0185,2,7.5,33.0,24.0,11.0,328.0,555.0,6.4,15.0
0.0,0.3132530120481928,0.0,0.006024096385542169,0.0,0.2891566265060241,0.0,0.39156626506024095,0.0,0.0,0.611764705882353,0.17647058823529416,0.21176470588235297,0.0,0.018315018315018316,3.033579992968936,840.0,0.027299999999999998,0.0166,0.016999999999999998,2,7.5,103.0,58.0,170.0,150.0,370.0,3.6,29.0
0.0,0.30927835051546393,0.0,0.005154639175257732,0.0,0.26804123711340205,0.0,0.41752577319587625,0.0,0.0,0.6182795698924731,0.16666666666666669,0.21505376344086025,0.0,0.016181229773462785,3.0795294106267694,510.0,0.030899999999999997,0.0194,0.0186,2,7.4,119.0,62.3,192.0,187.0,407.0,3.42,28.5
0.0,0.3,0.0,0.005555555555555555,0.0,0.27777777777777773,0.0,0.41666666666666663,0.0,0.0,0.6444444444444445,0.15555555555555556,0.2,0.0,0.01360544217687075,3.0544378844317412,556.0,0.0294,0.018000000000000002,0.018,2,7.5,107.0,60.4,169.0,172.0,412.0,3.75,24.0
0.0,0.3157894736842105,0.0,0.005847953216374269,0.0,0.2807017543859649,0.0,0.39766081871345027,0.0,0.0,0.6033519553072625,0.1843575418994413,0.21229050279329606,0.0,0.017543859649122806,3.0551799098159744,500.0,0.0285,0.0171,0.017900000000000003,2,7.1,107.0,57.9,187.0,156.0,382.0,3.62,31.4
0.0,0.20576131687242796,0.0,0.008230452674897118,0.0,0.23045267489711932,0.0,0.5555555555555555,0.0,0.0,0.6613545816733067,0.1394422310756972,0.199203187250996,0.0,0.01187648456057007,3.197364761730253,1007.0,0.042100000000000005,0.024300000000000002,0.0251,2,7.2,100.0,68.0,240.0,310.0,590.0,8.8,33.0
0.0,0.011976047904191617,0.0,0.011976047904191617,0.0,0.011976047904191617,0.0,0.9640718562874252,0.0,0.0,0.6407185628742514,0.3592814371257485,0.0,0.0029498525073746317,0.017699115044247787,3.078286474510795,1290.0,0.0339,0.0167,0.0167,2,8.4,4.5,2.5,4.3,370.0,380.0,7.1,39.0
