model_Ba_molL_frac,model_Ca_molL_frac,model_Fe_molL_frac,model_K_molL_frac,model_Li_molL_frac,model_Mg_molL_frac,model_Mn_molL_frac,model_Na_molL_frac,model_Sr_molL_frac,model_Br_molL_frac,model_Cl_molL_frac,model_C_molL_frac,model_SO4_molL_frac,model_B_molL_frac,model_Si_molL_frac,TDS_log10,well_depth_ft,total_ion_molL,total_cations_eq,total_anions_eq,samp_id,Alk_mgL,state_alpha,Cluster,ph,Ca_mgL,Mg_mgL,SO4_mgL,Na_mgL,Cl_mgL,K_mgL,Si_mgL
0.0,0.16611295681063123,0.00221483942414175,0.0033222591362126247,0.001107419712070875,0.522702104097453,0.0,0.3045404208194906,0.0,0.0,0.004965243296921549,0.16484607745779545,0.830188679245283,0.0008453085376162301,0.0016906170752324602,3.809280902365302,670.0,0.11829999999999999,0.09029999999999999,0.1007,Proprietary,390.0,NM,1,6.2,300.0,570.0,4000.0,630.0,19.0,13.0,11.0
0.0,0.29365079365079366,0.0,0.043650793650793655,0.0,0.1111111111111111,0.0,0.5515873015873015,0.0,0.0,0.452,0.38,0.168,0.0,0.016018306636155607,3.252146959287003,1307.0,0.043699999999999996,0.0252,0.024999999999999998,Proprietary,466.0,NM,1,7.8,150.0,34.0,200.0,320.0,400.0,43.0,40.0
0.0,0.42424242424242425,0.0,0.015151515151515152,0.0,0.12121212121212122,0.0,0.4393939393939394,0.0,0.0,0.2142857142857143,0.2619047619047619,0.5238095238095238,0.0,0.013201320132013203,3.1660357541381963,60.0,0.030299999999999997,0.019799999999999998,0.020999999999999998,Proprietary,258.0,NM,1,7.5,170.0,29.0,530.0,200.0,160.0,10.0,22.0
0.0,0.6179775280898876,0.0,0.022471910112359553,0.0,0.23595505617977527,0.0,0.12359550561797754,0.0,0.0,0.09947643979057592,0.29319371727748694,0.6073298429319371,0.0,0.04081632653061224,3.142023509614001,95.0,0.0245,0.0178,0.0191,Proprietary,240.0,NM,1,7.1,220.0,50.0,560.0,51.0,69.0,14.0,59.0
0.0,0.5364806866952789,0.0,0.002145922746781116,0.0,0.2832618025751073,0.0,0.1781115879828326,0.0,0.0,0.07838983050847458,0.0402542372881356,0.8813559322033898,0.0,0.005535055350553504,3.4953814396315535,365.0,0.054200000000000005,0.0466,0.0472,Proprietary,94.0,NM,1,7.9,500.0,160.0,2000.0,190.0,130.0,3.7,18.0
0.0,0.42944785276073616,0.0,0.012269938650306747,0.0061349693251533735,0.23312883435582818,0.0,0.3190184049079754,0.0,0.0,0.13218390804597702,0.4310344827586207,0.4367816091954023,0.0,0.012096774193548385,3.091500100200281,150.0,0.024800000000000003,0.016300000000000002,0.0174,Proprietary,316.0,NM,2,6.99,140.0,47.0,370.0,120.0,80.0,5.9,18.0
0.0,0.006024096385542169,0.0,0.0030120481927710845,0.0,0.006024096385542169,0.0,0.9849397590361446,0.0,0.0,0.8556998556998556,0.1240981240981241,0.0202020202020202,0.0,0.0007423904974016333,3.6266153232229907,350.0,0.1347,0.0664,0.0693,Proprietary,436.0,NM,0,8.4,8.6,4.1,65.0,1500.0,2100.0,9.4,8.6
0.0,0.014117647058823526,0.0,0.0035294117647058816,0.0,0.007058823529411763,0.0,0.9752941176470588,0.0,0.0,0.12790697674418605,0.2651162790697675,0.6069767441860466,0.0,0.0006939625260235947,3.7952585735187574,150.0,0.1441,0.085,0.086,Proprietary,1120.0,NM,0,7.9,25.0,7.6,2500.0,1900.0,390.0,11.0,7.8
0.0,0.005698005698005698,0.0,0.002849002849002849,0.0,0.0,0.0,0.9914529914529914,0.0,0.0,0.19999999999999998,0.6215384615384615,0.17846153846153845,0.001540832049306626,0.003081664098613252,3.4097286019039488,285.0,0.06489999999999999,0.0351,0.0325,Proprietary,1120.0,NM,0,9.2,4.9,0.8,280.0,800.0,230.0,3.6,10.0
0.0,0.01348314606741573,0.0,0.0022471910112359553,0.0,0.0044943820224719105,0.0,0.9797752808988764,0.0,0.0,0.2759336099585062,0.7116182572614107,0.012448132780082987,0.0010834236186348864,0.002166847237269773,3.558756844120749,205.0,0.0923,0.0445,0.0482,Proprietary,1690.0,NM,0,8.0,14.0,2.2,24.0,1000.0,470.0,4.3,11.0
0.0,0.33098039215686276,0.0015686274509803923,0.009411764705882352,0.0,0.10980392156862745,0.0,0.548235294117647,0.0,0.0,0.6102997694081476,0.019215987701767873,0.3704842428900846,0.0,0.0004868549172346641,3.900781067987228,828.0,0.2054,0.1275,0.1301,Proprietary,109.0,NM,0,7.1,840.0,170.0,2300.0,1600.0,2800.0,46.0,5.4
0.0,0.020295202952029523,0.0,0.0027675276752767526,0.0,0.00922509225092251,0.0,0.9677121771217712,0.0,0.0,0.43384338433843384,0.0387038703870387,0.5274527452745275,0.0,0.0005299417064122947,3.862182561003828,274.0,0.18869999999999998,0.1084,0.1111,Proprietary,213.0,NM,0,8.1,42.0,12.0,2800.0,2400.0,1700.0,12.0,8.2
0.0,0.014378145219266714,0.0,0.002875629043853343,0.0,0.008626887131560028,0.0,0.97411933860532,0.0,0.0,0.8990627253064166,0.08651766402307137,0.014419610670511895,0.0003629764065335753,0.0007259528130671506,3.927108614051296,474.0,0.2755,0.1391,0.13870000000000002,Proprietary,590.0,NM,0,8.0,40.0,15.0,100.0,3100.0,4400.0,14.0,9.4
0.0,0.3125,0.0125,0.0125,0.00625,0.18125,0.0,0.475,0.0,0.0,0.18670076726342713,0.4296675191815857,0.38363171355498726,0.0017921146953405018,0.0035842293906810036,3.414881802409107,725.0,0.0558,0.032,0.039099999999999996,Proprietary,603.0,NM,2,6.71,200.0,71.0,720.0,350.0,260.0,14.0,9.7
0.0,0.4916820702402957,0.0,0.0018484288354898336,0.0,0.4731977818853974,0.0,0.033271719038817,0.0,0.0,0.025974025974025972,0.04638218923933209,0.9276437847866419,0.0,0.010434782608695651,3.5498874265593656,43.0,0.0575,0.0541,0.0539,Proprietary,121.0,NM,1,7.7,530.0,310.0,2400.0,41.0,51.0,2.6,35.0
0.0,0.005681818181818182,0.0,0.003156565656565657,0.0,0.0,0.0,0.9911616161616161,0.0,0.0,0.06206896551724138,0.8,0.13793103448275865,0.0,0.006780810306831667,3.386177950580434,186.3,0.05899,0.03168,0.028999999999999998,Proprietary,1600.0,NM,0,9.9,3.6,0.2,190.0,720.0,62.0,5.6,24.0
0.0,0.7306666666666666,0.015999999999999997,0.007999999999999998,0.0,0.05866666666666666,0.0,0.18666666666666665,0.0,0.0,0.901595744680851,0.007978723404255319,0.09042553191489361,0.0017114495978093444,0.0005134348793428033,3.3321589267248544,1950.0,0.05843,0.037500000000000006,0.0376,Proprietary,10.0,NM,1,6.6,550.0,26.0,160.0,160.0,1200.0,11.0,1.8
0.0,0.27272727272727276,0.0,0.05909090909090909,0.0,0.15454545454545454,0.0,0.5136363636363637,0.0,0.0,0.46976744186046504,0.29767441860465116,0.23255813953488372,0.0,0.021563342318059297,3.1877816985120986,1200.0,0.03710000000000001,0.022,0.021500000000000002,Proprietary,331.0,NM,1,8.5,120.0,41.0,240.0,260.0,360.0,52.0,50.0
0.0,0.2692307692307693,0.0,0.011538461538461537,0.0,0.06923076923076923,0.0,0.6499999999999999,0.0,0.0,0.3268482490272373,0.042801556420233464,0.6303501945525292,0.0,0.002544529262086514,3.236293166765391,450.0,0.0393,0.026,0.0257,Proprietary,55.0,NM,1,7.7,140.0,23.0,780.0,390.0,300.0,12.0,8.8
0.0,0.24383368569415076,0.0,0.016208597603946436,0.0,0.09302325581395347,0.0,0.6469344608879491,0.0,0.0,0.5548567435359888,0.006289308176100628,0.4388539482879105,0.003902862098872506,0.0,3.9544746164084787,661.0,0.23060000000000003,0.14190000000000003,0.1431,Proprietary,57.0,NM,0,8.4,690.0,160.0,3000.0,2100.0,2800.0,91.0,1.7
0.0,0.03692307692307692,0.0,0.003076923076923077,0.0,0.012307692307692308,0.0,0.9476923076923077,0.0,0.0,0.09999999999999999,0.10588235294117646,0.7941176470588235,0.0,0.0038167938931297717,3.3803599801941515,2450.0,0.052399999999999995,0.0325,0.034,Proprietary,180.0,NM,0,8.2,26.0,5.8,1300.0,710.0,120.0,5.4,14.0
0.0,0.6169154228855721,0.0,0.014925373134328356,0.0,0.16915422885572137,0.0,0.19900497512437812,0.0,0.0,0.06976744186046513,0.31627906976744186,0.6139534883720931,0.0,0.028673835125448032,3.192615618885356,93.0,0.027899999999999998,0.0201,0.0215,Proprietary,300.0,NM,1,7.2,250.0,42.0,630.0,91.0,53.0,11.0,51.0
0.0,0.010610079575596818,0.0,0.003978779840848806,0.0,0.0026525198938992045,0.0,0.9827586206896552,0.0,0.0,0.875,0.034523809523809526,0.09047619047619049,0.0,0.0006443298969072166,3.6888673685117155,394.0,0.15519999999999998,0.0754,0.08399999999999999,Proprietary,131.0,NM,0,7.4,16.0,1.8,360.0,1700.0,2600.0,13.0,4.9
0.0,0.5851063829787233,0.0,0.010638297872340425,0.0,0.1382978723404255,0.010638297872340425,0.2553191489361702,0.0,0.0,0.053191489361702135,0.4361702127659575,0.5106382978723405,0.0,0.022641509433962263,3.1533757154341697,60.0,0.0265,0.0188,0.018799999999999997,Proprietary,380.0,NM,1,7.4,220.0,31.0,460.0,110.0,36.0,8.6,39.0
0.0,0.4745762711864407,0.0,0.00211864406779661,0.0,0.1271186440677966,0.0,0.39618644067796616,0.0,0.0,0.2552742616033755,0.08649789029535866,0.6582278481012658,0.0,0.015197568389057751,3.5093911238369015,50.0,0.0658,0.0472,0.0474,Proprietary,189.0,NM,1,7.31,450.0,74.0,1500.0,430.0,430.0,4.1,58.0
0.0,0.9585798816568046,0.0,0.0029585798816568047,0.0,0.029585798816568046,0.0,0.008875739644970413,0.0,0.0,0.020833333333333336,0.11011904761904763,0.8690476190476191,0.0,0.01634877384196185,3.376148199013351,77.0,0.0367,0.033800000000000004,0.0336,Proprietary,175.0,NM,1,7.6,650.0,13.0,1400.0,8.0,26.0,5.4,34.0
0.0,0.49069373942470385,0.0,0.010152284263959388,0.0,0.18274111675126903,0.0,0.31641285956006765,0.0,0.0,0.24,0.03,0.73,0.0,0.006426735218508998,3.594972338626046,317.0,0.0778,0.05910000000000001,0.06,Proprietary,91.0,NM,1,7.9,580.0,130.0,2100.0,430.0,510.0,23.0,30.0
0.0,0.5657370517928286,0.0,0.00199203187250996,0.0,0.3625498007968127,0.0,0.0697211155378486,0.0,0.0,0.056112224448897796,0.026052104208416832,0.9178356713426854,0.0,0.011009174311926603,3.5205916278262475,440.0,0.05450000000000001,0.05020000000000001,0.0499,Proprietary,63.0,NM,1,7.7,570.0,220.0,2200.0,81.0,99.0,4.8,37.0
0.0,0.4,0.0,0.008979591836734694,0.0,0.05714285714285715,0.0,0.5338775510204081,0.0,0.0,0.468975468975469,0.22943722943722944,0.30158730158730157,0.0,0.0009416195856873824,3.938038357283087,1781.0,0.2124,0.1225,0.1386,Proprietary,951.0,NM,0,6.4,980.0,85.0,2000.0,1500.0,2300.0,43.0,12.0
0.0,0.5024154589371981,0.0,0.024154589371980676,0.0,0.11594202898550723,0.0,0.35748792270531404,0.0,0.0,0.21105527638190952,0.3065326633165829,0.48241206030150746,0.0,0.01342281879194631,3.161403912411247,160.0,0.0298,0.0207,0.0199,Proprietary,294.0,NM,1,7.7,210.0,29.0,460.0,170.0,150.0,21.0,23.0
0.0,0.5362035225048924,0.00391389432485323,0.011741682974559688,0.0,0.17612524461839532,0.0,0.27201565557729945,0.0,0.0,0.05565529622980251,0.19748653500897664,0.7468581687612208,0.0014705882352941178,0.0029411764705882357,3.574637362903667,784.0,0.06799999999999999,0.05109999999999999,0.0557,Proprietary,378.0,NM,1,6.6,550.0,110.0,2000.0,320.0,110.0,23.0,11.0
0.0,0.0639269406392694,0.0,0.004566210045662101,0.0,0.018264840182648404,0.0,0.9132420091324202,0.0,0.0,0.39914163090128757,0.10300429184549356,0.4978540772532189,0.0,0.015345268542199485,3.201470893488576,533.0,0.0391,0.0219,0.023299999999999998,nwisnm.01.98600652,118.0,NM,0,7.8,30.0,4.0,560.0,460.0,330.0,5.3,37.0
0.0,0.29411764705882354,0.0,0.04621848739495799,0.0,0.07563025210084034,0.0,0.5840336134453782,0.0,0.0,0.14942528735632182,0.7049808429118773,0.14559386973180075,0.0,0.03325942350332594,3.313006887346985,600.0,0.0451,0.023799999999999998,0.0261,nwisnm.01.97401788,775.0,NM,1,7.0,140.0,22.0,180.0,320.0,140.0,42.0,90.0
0.0,0.1624588364434687,0.0,0.0032930845225027433,0.0,0.002195389681668496,0.0,0.8298572996706914,0.002195389681668496,0.0,0.4972617743702081,0.00547645125958379,0.4972617743702081,0.0019607843137254897,0.0039215686274509795,3.774440822486912,1765.0,0.15300000000000002,0.09110000000000001,0.0913,nwisnm.01.00400087,28.0,NM,0,8.3,295.0,3.21,2180.0,1740.0,1610.0,11.2,36.9
0.0,0.3570127504553734,0.0,0.003642987249544627,0.0018214936247723135,0.11293260473588343,0.0,0.5209471766848817,0.003642987249544627,0.0,0.2967409948542024,0.20926243567753003,0.4939965694682676,0.0011560693641618496,0.006936416184971097,3.594503364210202,80.5,0.08650000000000001,0.0549,0.0583,nwisnm.01.01101910,545.0,NM,1,7.2,393.0,74.7,1380.0,657.0,613.0,9.03,38.6
0.0,0.5978260869565217,0.0,0.005434782608695653,0.0,0.33695652173913043,0.0,0.059782608695652176,0.0,0.0,0.05913978494623657,0.26344086021505375,0.6774193548387097,0.0,0.01339285714285714,3.1092150654932147,105.0,0.022400000000000003,0.0184,0.0186,nwisnm.01.96401369,213.0,NM,1,7.1,220.0,75.0,610.0,26.0,38.0,2.0,17.0
0.0,0.09823182711198428,0.0,0.011787819253438112,0.0,0.05893909626719057,0.0,0.831041257367387,0.0,0.0,0.42391304347826086,0.23550724637681159,0.34057971014492755,0.0,0.00536480686695279,3.567147316217367,27.0,0.0932,0.0509,0.0552,nwisnm.01.97302262,600.0,NM,0,7.4,100.0,37.0,900.0,970.0,830.0,24.0,31.0
0.0,0.14953271028037385,0.0,0.028037383177570093,0.0,0.09719626168224299,0.0,0.7252336448598131,0.0,0.0,0.45486725663716815,0.17699115044247787,0.368141592920354,0.0,0.008528784648187635,3.5758029407140737,48.0,0.0938,0.0535,0.0565,nwisnm.01.97302263,475.0,NM,0,7.6,160.0,64.0,1000.0,890.0,910.0,60.0,48.0
0.0,0.1358811040339703,0.0,0.025477707006369428,0.0,0.089171974522293,0.0,0.7494692144373674,0.0,0.0,0.5262054507337527,0.16352201257861634,0.31027253668763105,0.0,0.009650180940892643,3.503166443455004,75.0,0.0829,0.047099999999999996,0.0477,nwisnm.01.97302264,371.0,NM,0,7.6,130.0,50.0,710.0,810.0,890.0,45.0,49.0
0.0,0.2231404958677686,0.0,0.045454545454545456,0.0,0.14049586776859505,0.0,0.5909090909090909,0.0,0.0,0.4777327935222672,0.3441295546558705,0.17813765182186236,0.0,0.013986013986013983,3.237274130515004,150.0,0.04290000000000001,0.0242,0.0247,nwisnm.01.97302265,396.0,NM,1,7.4,110.0,41.0,210.0,330.0,420.0,44.0,39.0
0.0,0.22881355932203393,0.01694915254237288,0.05084745762711864,0.0,0.15254237288135594,0.0,0.5508474576271186,0.0,0.0,0.4813278008298755,0.33609958506224064,0.18257261410788383,0.0,0.019230769230769232,3.228282040975896,150.0,0.0416,0.0236,0.0241,nwisnm.01.97302266,382.0,NM,1,7.5,110.0,43.0,210.0,300.0,410.0,45.0,49.0
0.0,0.208955223880597,0.0,0.02736318407960199,0.0,0.1144278606965174,0.0,0.6492537313432837,0.0,0.0,0.5,0.11538461538461538,0.3846153846153846,0.0,0.00911854103343465,3.4173386940290684,130.0,0.0658,0.0402,0.039,nwisnm.01.97202303,225.0,NM,0,8.0,170.0,56.0,720.0,600.0,690.0,43.0,37.0
0.0,0.5409836065573771,0.0,0.00819672131147541,0.0,0.18032786885245905,0.0,0.27049180327868855,0.0,0.0,0.22480620155038758,0.2558139534883721,0.5193798449612403,0.0,0.014204545454545458,3.2463052471810143,147.0,0.035199999999999995,0.024399999999999998,0.0258,nwisnm.01.01101915,301.0,NM,1,7.3,263.0,53.2,639.0,151.0,204.0,6.28,29.9
0.0,0.10576923076923077,0.0,0.03846153846153846,0.0,0.03846153846153846,0.0,0.8173076923076923,0.0,0.0,0.2897196261682243,0.32710280373831774,0.38317757009345793,0.0,0.01876675603217158,3.1967113836290646,60.0,0.0373,0.020800000000000003,0.021400000000000002,nwisnm.01.99500395,332.0,NM,1,7.6,45.0,9.3,390.0,390.0,220.0,30.0,44.0
0.0,0.6483516483516484,0.0,0.005494505494505496,0.0,0.17582417582417587,0.0,0.17032967032967034,0.0,0.0002563445270443476,0.2768520892078954,0.25121763650346063,0.47167392976159955,0.0,0.019153418885271018,3.123163931864674,232.0,0.026105000000000003,0.018199999999999997,0.019505,nwisnm.01.01101916,232.0,NM,1,7.5,235.0,39.5,441.0,72.2,191.0,5.48,28.0
0.0,0.543859649122807,0.0,0.013157894736842106,0.0,0.15789473684210528,0.0,0.2850877192982456,0.0,0.0,0.9304347826086957,0.03478260869565218,0.03478260869565218,0.0,0.010582010582010585,3.1255071599404283,464.0,0.03779999999999999,0.022799999999999997,0.022999999999999996,nwisnm.01.98500827,40.0,NM,1,7.5,250.0,43.0,37.0,150.0,760.0,12.0,22.0
0.0,0.37037037037037035,0.0,0.021164021164021166,0.0,0.12698412698412698,0.0,0.4814814814814815,0.0,0.0,0.18137254901960784,0.47549019607843135,0.3431372549019608,0.0,0.01892744479495268,3.1781566795914946,20.7,0.0317,0.0189,0.0204,nwisnm.01.98600529,449.0,NM,1,7.4,140.0,29.0,340.0,210.0,130.0,16.0,38.0
0.0,0.4252873563218391,0.02298850574712644,0.01149425287356322,0.0,0.1149425287356322,0.0,0.4252873563218391,0.0,0.0,0.2456140350877193,0.19298245614035092,0.5614035087719299,0.0,0.019762845849802372,3.0894616575822322,40.0,0.0253,0.0174,0.017099999999999997,nwisnm.01.98400865,164.0,NM,1,7.9,150.0,25.0,460.0,170.0,150.0,9.3,32.0
0.0,0.36681222707423583,0.0,0.017467248908296946,0.0,0.12227074235807862,0.0,0.4934497816593887,0.0,0.0,0.1878172588832487,0.24365482233502533,0.5685279187817258,0.0,0.00946372239747634,3.1691030698528384,24.8,0.0317,0.022899999999999997,0.019700000000000002,nwisnm.01.98600530,236.0,NM,1,7.8,170.0,35.0,540.0,260.0,130.0,14.0,20.0
0.0,0.46305418719211827,0.0,0.009852216748768475,0.0,0.11822660098522167,0.0,0.4088669950738917,0.0,0.0,0.185,0.32499999999999996,0.49,0.0,0.016666666666666666,3.163036557034441,80.0,0.03,0.0203,0.02,nwisnm.01.97801687,320.0,NM,1,8.0,190.0,29.0,470.0,190.0,130.0,8.0,29.0
0.0,0.4511278195488722,0.0,0.0075187969924812035,0.0,0.1729323308270677,0.0075187969924812035,0.3609022556390977,0.0,0.0,0.11683848797250858,0.2508591065292096,0.6323024054982818,0.0,0.012953367875647668,3.305398472793607,120.0,0.0386,0.0266,0.0291,nwisnm.01.98500832,359.0,NM,1,7.9,240.0,56.0,880.0,220.0,120.0,8.6,31.0
0.0,0.47262247838616717,0.0,0.011527377521613832,0.0,0.12103746397694523,0.005763688760806916,0.38904899135446686,0.0,0.0,0.23976608187134504,0.2222222222222222,0.5380116959064327,0.0,0.012024048096192383,3.3800733132178173,50.0,0.04990000000000001,0.0347,0.0342,nwisnm.01.98500833,374.0,NM,1,7.9,330.0,50.0,880.0,310.0,290.0,15.0,37.0
0.0,0.6096256684491979,0.0106951871657754,0.0213903743315508,0.0,0.1818181818181818,0.0,0.1764705882352941,0.0,0.0,0.18974358974358976,0.3076923076923077,0.5025641025641026,0.0,0.01901140684410646,3.137615210985285,191.0,0.026300000000000004,0.0187,0.0195,nwisnm.01.01101921,267.0,NM,1,7.2,227.0,41.5,469.0,76.6,133.0,16.0,28.9
0.0,0.06930693069306931,0.0,0.034653465346534656,0.0,0.04950495049504951,0.0,0.8465346534653466,0.0,0.0,0.196969696969697,0.22727272727272727,0.5757575757575758,0.002906976744186046,0.03488372093023255,3.1865878195030115,250.0,0.03440000000000001,0.0202,0.019799999999999998,nwisnm.01.01101922,220.0,NM,1,7.8,26.3,11.9,544.0,394.0,139.0,27.6,72.1
0.0,0.37499999999999994,0.0,0.03333333333333333,0.0,0.15833333333333333,0.0,0.4333333333333333,0.0,0.0,0.23076923076923078,0.2624434389140271,0.5067873303167421,0.0,0.011594202898550727,3.204471564549972,23.4,0.034499999999999996,0.024,0.0221,nwisnm.01.98600539,271.0,NM,1,7.4,180.0,45.0,540.0,240.0,180.0,30.0,22.0
0.0,0.2727272727272727,0.0,0.011363636363636362,0.0,0.0909090909090909,0.0,0.625,0.0,0.0,0.1921708185053381,0.24555160142348753,0.5622775800711745,0.0,0.009478672985781991,3.2945841530670745,23.0,0.0422,0.0264,0.0281,nwisnm.01.00600324,307.0,NM,1,7.2,144.0,30.3,763.0,379.0,191.0,12.2,22.9
0.0,0.4228187919463087,0.0,0.010067114093959731,0.0,0.174496644295302,0.0,0.3926174496644295,0.0,0.0,0.19869706840390883,0.30618892508143325,0.49511400651465803,0.0,0.006772009029345371,3.3302401020126178,16.9,0.044300000000000006,0.0298,0.030699999999999998,nwisnm.01.00600364,406.0,NM,1,7.1,254.0,62.6,734.0,270.0,215.0,12.1,20.4
0.0,0.4,0.0,0.00930232558139535,0.0,0.12093023255813953,0.0,0.46976744186046515,0.0,0.0,0.1936936936936937,0.3378378378378379,0.4684684684684685,0.0,0.009036144578313253,3.195414077718442,22.9,0.0332,0.0215,0.022199999999999998,nwisnm.01.00600366,332.0,NM,1,7.2,171.0,30.7,495.0,232.0,153.0,6.7,20.7
0.0,0.35000000000000003,0.0,0.010000000000000002,0.0,0.12000000000000001,0.0,0.52,0.0,0.0,0.1409090909090909,0.45000000000000007,0.40909090909090906,0.0,0.015015015015015017,3.2045287870187025,21.5,0.033299999999999996,0.019999999999999997,0.022,nwisnm.01.99400455,448.0,NM,1,7.3,140.0,30.0,430.0,240.0,110.0,7.4,33.0
0.0,0.42780748663101603,0.0,0.0106951871657754,0.0,0.1390374331550802,0.0,0.42245989304812837,0.0,0.0,0.24861878453038674,0.29834254143646416,0.45303867403314924,0.0,0.017921146953405017,3.1152876160224623,17.0,0.0279,0.0187,0.018099999999999998,nwisnm.01.00600368,243.0,NM,1,7.3,162.0,30.8,397.0,181.0,161.0,7.49,27.1
0.0,0.5147058823529411,0.0,0.014705882352941176,0.0,0.12499999999999999,0.0,0.34558823529411764,0.0,0.0,0.19285714285714287,0.30714285714285716,0.5,0.0,0.005037783375314862,3.2889746649062386,19.9,0.0397,0.027200000000000002,0.028,nwisnm.01.00600316,354.0,NM,1,7.0,282.0,40.5,676.0,217.0,190.0,14.3,14.5
0.0,0.48314606741573035,0.0,0.016853932584269662,0.0,0.12359550561797754,0.0,0.3764044943820225,0.0,0.0,0.2032967032967033,0.23626373626373626,0.5604395604395604,0.0,0.011627906976744184,3.105998159706614,22.0,0.025800000000000003,0.0178,0.0182,nwisnm.01.00400422,193.0,NM,1,7.2,173.0,27.3,490.0,155.0,133.0,11.3,17.6
0.0,0.3862458784738577,0.0,0.009420631182289212,0.0014130946773433818,0.12246820536975976,0.0,0.48045219029674985,0.0,0.0,0.19111111111111112,0.37333333333333335,0.4355555555555556,0.0,0.014736221632773357,3.2073579787793105,20.0,0.03393,0.021230000000000002,0.0225,nwisnm.01.00600343,362.0,NM,1,7.1,163.0,30.9,475.0,235.0,153.0,8.92,29.1
0.0,0.34444444444444444,0.0,0.011111111111111113,0.0,0.16666666666666669,0.0,0.4777777777777778,0.0,0.0,0.2090395480225989,0.3615819209039548,0.4293785310734463,0.0,0.017985611510791366,3.1108600333824867,15.0,0.027800000000000002,0.018,0.0177,nwisnm.01.00600351,289.0,NM,1,7.3,125.0,37.0,365.0,198.0,130.0,7.16,28.5
0.0,0.26737967914438504,0.0,0.0213903743315508,0.0,0.10695187165775401,0.0,0.6042780748663101,0.0,0.0,0.16915422885572137,0.4427860696517413,0.3880597014925373,0.0,0.00946372239747634,3.164323406050542,16.9,0.0317,0.0187,0.0201,nwisnm.01.99400395,419.0,NM,1,7.5,100.0,24.0,370.0,260.0,120.0,16.0,21.0
0.0,0.4043715846994535,0.0,0.005464480874316939,0.0,0.1420765027322404,0.0,0.448087431693989,0.0,0.0,0.16037735849056603,0.5094339622641509,0.330188679245283,0.0,0.012738853503184716,3.177692356265308,22.9,0.0314,0.018300000000000004,0.0212,nwisnm.01.00600339,445.0,NM,1,7.0,148.0,32.7,338.0,189.0,122.0,3.83,26.5
0.0,0.3666666666666667,0.0,0.012499999999999999,0.0,0.11666666666666667,0.0,0.5041666666666667,0.0,0.0,0.23076923076923075,0.2846153846153846,0.48461538461538456,0.0,0.007853403141361254,3.2534222628839498,20.9,0.038200000000000005,0.024,0.026000000000000002,nwisnm.01.00600342,335.0,NM,1,7.3,178.0,32.9,605.0,278.0,211.0,11.9,20.6
0.0,0.10362694300518137,0.0,0.007772020725388601,0.0,0.15544041450777205,0.0,0.7331606217616581,0.0,0.0024449877750611243,0.44254278728606355,0.06601466992665037,0.48899755501222486,0.0030816640986132513,0.0030816640986132513,3.4174407185152247,121.5,0.0649,0.038599999999999995,0.040900000000000006,nwisnm.01.00700464,130.0,NM,0,7.7,80.0,72.0,960.0,650.0,640.0,12.0,12.0
0.0,0.07833333333333334,0.0,0.0025,0.0008333333333333334,0.08166666666666667,0.0,0.835,0.0016666666666666668,0.0007763975155279504,0.7461180124223603,0.010869565217391304,0.24223602484472048,0.0004470272686633884,0.0004470272686633884,3.8841056132444516,245.0,0.22370000000000004,0.12,0.1288,nwisnm.01.00700450,66.0,NM,0,7.6,190.0,120.0,1500.0,2300.0,3400.0,9.8,8.5
0.0,0.11846153846153847,0.0,0.003076923076923077,0.0007692307692307692,0.17076923076923078,0.0,0.7038461538461538,0.003076923076923077,0.0007052186177715092,0.6974612129760225,0.008462623413258109,0.2933709449929478,0.0004306632213608957,0.0004306632213608957,3.9201316414888807,181.0,0.23220000000000005,0.13,0.1418,nwisnm.01.00700463,48.0,NM,0,6.8,310.0,270.0,2000.0,2100.0,3500.0,16.0,7.5
0.0,0.3575418994413408,0.0,0.0111731843575419,0.0,0.1675977653631285,0.0,0.46368715083798884,0.0,0.0002731494127287626,0.43157607211144494,0.18574160065555856,0.3824091778202677,0.0,0.02097535395909806,3.09889021746169,89.0,0.028605,0.0179,0.018305000000000002,nwisnm.01.99500475,166.0,NM,1,7.7,130.0,36.0,340.0,190.0,280.0,8.9,39.0
0.0,0.35294117647058826,0.0,0.012605042016806723,0.0,0.26890756302521013,0.0,0.36554621848739494,0.0,0.0,0.1700404858299595,0.24696356275303646,0.582995951417004,0.0,0.023054755043227664,3.2377063670579527,65.0,0.0347,0.023799999999999998,0.0247,nwisnm.01.00700453,230.0,NM,1,6.8,170.0,77.0,690.0,200.0,150.0,11.0,49.0
0.0,0.10588235294117648,0.0,0.005882352941176471,0.0,0.07058823529411765,0.0,0.8176470588235295,0.0,0.0005777007510109764,0.47371461582900065,0.21374927787406126,0.31195840554592724,0.0032883919763235774,0.006576783952647155,3.067946971209591,154.0,0.030410000000000006,0.016999999999999998,0.01731,nwisnm.01.00700454,170.0,NM,0,7.3,35.0,15.0,260.0,320.0,290.0,3.1,11.0
0.0,0.18823529411764706,0.0,0.017647058823529408,0.0,0.28235294117647053,0.0,0.5117647058823529,0.0,0.0,0.3410404624277456,0.47398843930635837,0.18497109826589594,0.0,0.020477815699658702,3.0964670152369314,303.9,0.0293,0.017,0.017300000000000003,nwisnm.01.00700662,380.0,NM,1,7.4,65.0,59.0,150.0,200.0,210.0,9.8,38.0
0.0,0.2861685214626391,0.0,0.0047694753577106515,0.0,0.20985691573926868,0.0,0.49920508744038156,0.0,0.0,0.14576802507836992,0.06739811912225706,0.7868338557993731,0.0011574074074074076,0.0034722222222222225,3.6315072444274836,77.0,0.08639999999999999,0.0629,0.0638,nwisnm.01.98001745,197.0,NM,1,7.3,360.0,160.0,2400.0,720.0,330.0,11.0,16.0
0.0,0.514792899408284,0.0,0.01183431952662722,0.002958579881656805,0.18343195266272191,0.0,0.2810650887573965,0.00591715976331361,0.0,0.11895161290322581,0.4899193548387097,0.39112903225806456,0.0016077170418006433,0.00482315112540193,3.4940982155947093,2019.0,0.06219999999999999,0.0338,0.0496,nwisnm.01.98700168,609.0,NM,1,6.2,350.0,77.0,940.0,220.0,210.0,16.0,21.0
0.0,0.26220614828209765,0.0,0.017179023508137433,0.008137432188065098,0.08137432188065098,0.0,0.6292947558770343,0.0018083182640144665,0.0006934812760055479,0.3127600554785021,0.4840499306518724,0.20249653259362,0.002253267237494367,0.00135196034249662,3.9655828847132493,2783.0,0.2219,0.1106,0.1442,nwisnm.01.98700169,2150.0,NM,2,6.4,580.0,110.0,1400.0,1600.0,1600.0,75.0,16.0
0.0,0.6960167714884696,0.0041928721174004195,0.006289308176100628,0.0,0.18867924528301885,0.0,0.10062893081761005,0.0041928721174004195,0.0,0.05762081784386617,0.1728624535315985,0.7695167286245352,0.0,0.005016722408026755,3.5510665882975214,2650.0,0.0598,0.0477,0.0538,nwisnm.01.98700170,315.0,NM,1,6.5,670.0,110.0,2000.0,110.0,110.0,13.0,16.0
0.0,0.45508982035928147,0.0,0.011976047904191617,0.0,0.11976047904191617,0.0,0.41317365269461076,0.0,0.00021272069772388852,0.15422250584981917,0.4626675175494575,0.38289725590299933,0.0,0.02165752237943979,3.1342741593165364,23.3,0.027704,0.0167,0.018804,nwisnm.01.00600554,374.0,NM,1,7.1,152.0,24.9,344.0,158.0,103.0,8.68,35.4
0.0,0.3872832369942197,0.0,0.005780346820809249,0.0,0.1676300578034682,0.0,0.4393063583815029,0.0,0.0,0.30851063829787234,0.07978723404255321,0.6117021276595745,0.0,0.00583657587548638,3.3842254728953236,75.0,0.05140000000000001,0.0346,0.037599999999999995,nwisnm.01.98700511,141.0,NM,1,7.6,270.0,71.0,1100.0,350.0,410.0,6.3,21.0
0.0,0.3633916554508748,0.0026917900403768506,0.012113055181695826,0.0026917900403768506,0.1426648721399731,0.0,0.4737550471063257,0.0026917900403768506,0.0,0.07945516458569807,0.16458569807037457,0.7559591373439273,0.0009057971014492754,0.0018115942028985507,3.762991787840759,2650.0,0.1104,0.0743,0.08810000000000001,nwisnm.01.98700166,449.0,NM,1,6.4,540.0,130.0,3200.0,810.0,250.0,35.0,15.0
0.0,0.4204545454545455,0.0,0.011363636363636366,0.0,0.07954545454545456,0.0,0.4886363636363637,0.0,0.0,0.13157894736842105,0.4473684210526315,0.4210526315789473,0.0,0.017421602787456445,3.1440975608961277,20.2,0.0287,0.017599999999999998,0.019000000000000003,nwisnm.01.00600522,379.0,NM,1,7.2,147.0,16.1,380.0,197.0,88.7,8.53,28.6
0.0,0.6914893617021277,0.0,0.0,0.0,0.17021276595744683,0.0,0.13829787234042554,0.0,0.0,0.653179190751445,0.17341040462427745,0.17341040462427745,0.0,0.011194029850746268,3.046055262353734,275.0,0.0268,0.018799999999999997,0.0173,nwisnm.01.00100772,137.0,NM,1,7.4,261.0,40.1,142.0,59.7,400.0,1.51,18.7
0.0,0.572972972972973,0.0,0.005405405405405406,0.0,0.2594594594594595,0.0,0.16216216216216217,0.0,0.0,0.5478723404255319,0.28191489361702127,0.1702127659574468,0.0,0.010600706713780918,3.0785094159776847,300.0,0.028300000000000002,0.0185,0.0188,nwisnm.01.00200400,224.0,NM,1,7.1,213.0,57.6,157.0,69.3,365.0,3.68,15.4
0.0,0.6666666666666667,0.010101010101010102,0.005050505050505051,0.0,0.19191919191919193,0.0,0.12626262626262627,0.0,0.0,0.29230769230769227,0.22564102564102562,0.482051282051282,0.0,0.01515151515151515,3.1250448000830304,200.0,0.026400000000000003,0.019799999999999998,0.019500000000000003,nwisnm.01.99700263,211.0,NM,1,7.7,263.0,45.9,456.0,57.8,203.0,2.57,22.6
0.0,0.5745856353591161,0.0,0.016574585635359115,0.0,0.18784530386740333,0.0,0.22099447513812157,0.0,0.0,0.03414634146341464,0.41951219512195126,0.5463414634146342,0.0,0.029739776951672868,3.1782310462815886,50.3,0.026899999999999997,0.018099999999999998,0.020499999999999997,nwisnm.01.99400146,392.0,NM,1,7.3,210.0,41.0,540.0,92.0,25.0,11.0,47.0
0.0,0.5294117647058824,0.0,0.005882352941176471,0.0,0.3647058823529412,0.0,0.1,0.0,0.0,0.005376344086021505,0.23118279569892472,0.7634408602150538,0.0,0.009478672985781991,3.0992739124120114,790.0,0.0211,0.016999999999999998,0.018600000000000002,nwisnm.01.98600550,187.0,NM,1,7.1,180.0,76.0,680.0,40.0,3.8,3.1,9.1
0.0,0.004566210045662101,0.0,0.0022831050228310505,0.0,0.0,0.0,0.9931506849315068,0.0,0.0,0.018867924528301886,0.7547169811320755,0.22641509433962262,0.0,0.00245398773006135,3.539795652996629,1470.0,0.0815,0.0438,0.0424,nwisnm.01.96401611,1660.0,NM,0,8.6,4.8,0.1,460.0,1000.0,29.0,4.0,14.0
0.0,0.012484394506866416,0.0,0.0024968789013732834,0.0,0.004993757802746567,0.0,0.9800249687890137,0.0,0.0,0.6612149532710281,0.31542056074766356,0.023364485981308414,0.0006086427267194157,0.0012172854534388314,3.748554107005251,715.0,0.1643,0.0801,0.0856,nwisnm.01.98001916,1340.0,NM,0,8.1,20.0,3.7,100.0,1800.0,2000.0,8.2,10.0
0.0,0.0,0.0,0.005681818181818182,0.0,0.002840909090909091,0.0,0.9914772727272727,0.0,0.0,0.3355795148247978,0.6590296495956873,0.005390835579514825,0.000691085003455425,0.0020732550103662747,3.7438845073231284,620.0,0.14470000000000002,0.0704,0.0742,nwisnm.01.97502699,2740.0,NM,0,9.1,1.9,1.6,19.0,1600.0,880.0,16.0,20.0
